Cid,feat.yoplait,feat.dannon,feat.hiland,feat.weight,price.yoplait,price.dannon,price.hiland,price.weight,choice,sex,age,married
1,0,0,0,0,10.8,8.1,6.1000001,7.9000004,weight,1,53,0
1,0,0,0,0,10.8,9.7999997,6.4000003,7.5000003,dannon,1,53,0
1,0,0,0,0,10.8,9.7999997,6.1000001,8.6000003,dannon,1,53,0
1,0,0,0,0,10.8,9.7999997,6.1000001,8.6000003,dannon,1,53,0
1,0,0,0,0,12.5,9.7999997,4.8999999,7.9000004,dannon,1,53,0
1,0,0,0,0,10.8,9.2,5.0000001,7.9000004,dannon,1,53,0
1,0,0,0,0,10.3,8.1,4.8999999,7.9000004,dannon,1,53,0
1,0,0,0,0,10.8,8.6000003,5.4000001,7.9000004,weight,1,53,0
2,0,0,0,0,10.8,9.7999997,5.0000001,7.9000004,yoplait,0,32,1
2,0,0,0,0,10.8,9.7999997,5.0000001,7.9000004,yoplait,0,32,1
2,0,0,0,0,10.8,9.7999997,5.0000001,7.9000004,yoplait,0,32,1
2,0,0,0,0,10.8,9.7999997,5.0000001,7.9000004,yoplait,0,32,1
2,0,0,0,0,10.8,8.1,5.0000001,8.6000003,weight,0,32,1
2,0,0,0,0,10.8,8.1,5.0000001,8.6000003,weight,0,32,1
2,0,0,0,0,10.8,8.1,5.0000001,7.9000004,weight,0,32,1
2,0,0,0,0,10.8,8.1,5.0000001,7.9000004,weight,0,32,1
2,0,0,0,0,10.8,8.1,5.0000001,7.9000004,weight,0,32,1
2,0,0,0,0,10.8,8.1,5.0000001,7.9000004,weight,0,32,1
2,0,0,0,0,10.8,8.1,5.0000001,7.9000004,weight,0,32,1
2,0,0,0,0,10.8,8.1,5.0000001,8.1,weight,0,32,1
2,0,0,0,0,10.8,8.1,5.0000001,7.9000004,weight,0,32,1
2,0,0,0,0,10.8,8.1,5.0000001,7.9000004,weight,0,32,1
2,0,0,0,0,10.8,8.1,5.0000001,7.9000004,weight,0,32,1
2,0,0,0,0,10.8,8.1,5.0000001,8.1,weight,0,32,1
2,0,0,0,0,11.2,8.1,5.0000001,7.9000004,weight,0,32,1
2,0,0,0,0,11.2,8.1,5.0000001,7.9000004,weight,0,32,1
2,0,0,0,0,11.2,8.1,5.0000001,7.9000004,weight,0,32,1
2,0,0,0,0,10.8,8.1,5.0000001,8.1,weight,0,32,1
3,0,0,0,0,11,4.8999999,6.1000001,7.9000004,dannon,0,21,1
3,0,0,0,0,10.3,4.4,4.8999999,7.9000004,dannon,0,21,1
3,0,0,0,0,10.3,4.4,4.8999999,7.9000004,dannon,0,21,1
3,0,0,0,0,3.2000002,9.4999999,5.7999998,10.3,yoplait,0,21,1
3,0,0,0,0,10.8,9.4999999,5.7999998,10.3,yoplait,0,21,1
3,0,0,0,0,10.8,9.4999999,5.7999998,10.3,yoplait,0,21,1
3,0,0,0,0,5.5,8.6000003,5.4000001,7.9000004,yoplait,0,21,1
3,0,0,0,0,8.2999997,8.6000003,5.4000001,7.9000004,yoplait,0,21,1
3,0,0,0,0,8.2999997,8.6000003,5.4000001,7.9000004,yoplait,0,21,1
3,0,0,0,1,11.5,8.6000003,5.6000002,6.3000001,yoplait,0,21,1
3,0,0,0,1,3.2000002,8.6000003,5.6000002,6.3000001,yoplait,0,21,1
3,0,0,0,1,11.5,8.6000003,6.1000001,6.3000001,weight,0,21,1
3,0,0,0,0,11.5,5.5,6.1000001,6.4000003,dannon,0,21,1
3,0,0,1,0,11.5,6.3000001,6.1000001,7.9000004,dannon,0,21,1
3,0,0,0,1,4.1999999,3.0999999,6.1000001,6.3000001,dannon,0,21,1
4,0,0,0,0,11,8.1,6.6,7.9000004,hiland,1,27,0
4,0,0,0,0,11,8.1,6.6,7.9000004,hiland,1,27,0
4,0,0,0,0,13.500001,8.1,6.6,7.9000004,dannon,1,27,0
4,0,0,0,0,13.500001,8.1,6.6,7.9000004,dannon,1,27,0
4,0,0,0,0,11,8.1,6.1000001,7.9000004,hiland,1,27,0
4,0,0,0,0,11,8.1,6.1000001,7.9000004,hiland,1,27,0
4,0,0,0,0,10.3,8.1,4.8999999,7.9000004,hiland,1,27,0
4,0,0,0,0,10.8,8.6000003,5.0000001,7.9000004,dannon,1,27,0
4,0,0,1,0,11.2,8.6000003,6.1000001,7.9000004,dannon,1,27,0
4,0,0,0,0,2.5,8.6000003,5.4000001,7.9000004,yoplait,1,27,0
4,0,0,1,0,5.7999998,8.6000003,2.5,7.9000004,yoplait,1,27,0
4,0,0,1,0,5.7999998,8.6000003,2.5,7.9000004,yoplait,1,27,0
4,0,0,0,1,11.5,8.6000003,6.1000001,6.3000001,weight,1,27,0
4,0,0,0,0,11,1.8999999,5.4000001,7.9000004,dannon,1,27,0
5,0,0,0,0,10.3,9.7999997,4.8999999,7.9000004,yoplait,1,38,0
5,0,0,0,0,10.3,9.7999997,4.8999999,7.9000004,yoplait,1,38,0
5,0,0,0,0,10.3,9.7999997,4.8999999,7.9000004,yoplait,1,38,0
5,0,0,0,0,10.8,8.6000003,5.4000001,7.9000004,dannon,1,38,0
5,0,0,0,0,10.8,8.6000003,5.4000001,7.9000004,dannon,1,38,0
5,0,0,0,0,10.8,8.6000003,5.4000001,7.9000004,dannon,1,38,0
5,0,0,0,0,10.8,8.6000003,5.4000001,7.9000004,yoplait,1,38,0
5,0,0,0,0,10.8,8.6000003,5.4000001,7.9000004,yoplait,1,38,0
5,0,0,0,0,10.8,8.6000003,5.4000001,7.9000004,dannon,1,38,0
5,0,0,0,0,10.8,8.6000003,5.4000001,7.9000004,dannon,1,38,0
5,0,0,0,0,10.8,8.6000003,2.5,7.9000004,dannon,1,38,0
5,0,0,0,0,10.8,8.6000003,2.5,7.9000004,dannon,1,38,0
5,0,0,0,0,12.2,8.6000003,5.0000001,8.6000003,dannon,1,38,0
5,0,0,0,0,12.5,8.6000003,5.0000001,8.6000003,yoplait,1,38,0
6,0,0,0,1,11.5,8.6000003,6.1000001,7.4000001,weight,1,19,0
6,0,0,0,1,11.5,8.6000003,6.1000001,7.4000001,weight,1,19,0
6,0,0,0,0,10.8,6.8999998,6.1000001,8.6000003,weight,1,19,0
6,0,0,0,0,10.8,6.8999998,6.1000001,8.6000003,weight,1,19,0
6,0,0,0,0,11.5,5.0999999,6.6,8.6000003,weight,1,19,0
6,0,0,0,0,11.5,5.0999999,6.6,8.6000003,weight,1,19,0
6,0,0,0,0,11.5,8.1,6.6,8.1,weight,1,19,0
6,0,0,0,0,11.5,8.1,6.6,8.1,weight,1,19,0
6,0,0,0,0,11.5,8.1,6.1000001,8.1,weight,1,19,0
6,0,0,0,0,11.5,8.1,6.1000001,8.1,weight,1,19,0
6,0,0,0,0,11.2,8.1,6.1000001,8.1,yoplait,1,19,0
6,0,0,0,0,11.2,8.1,6.1000001,8.1,yoplait,1,19,0
6,0,0,0,0,12.2,8.6000003,6.1000001,8.6000003,yoplait,1,19,0
6,0,0,0,0,12.2,8.6000003,6.1000001,8.6000003,yoplait,1,19,0
6,0,0,0,0,12.2,8.6000003,6.1000001,8.6000003,yoplait,1,19,0
6,0,0,0,0,12.2,8.6000003,6.1000001,8.6000003,yoplait,1,19,0
6,0,0,0,0,12.2,8.6000003,6.1000001,8.6000003,yoplait,1,19,0
6,0,0,0,0,12.2,8.6000003,6.1000001,8.6000003,yoplait,1,19,0
6,0,0,0,0,12.2,8.6000003,6.1000001,8.6000003,yoplait,1,19,0
7,0,0,0,0,11,7.4000001,6.1000001,8.1,dannon,1,68,1
7,0,0,0,0,11,7.4000001,6.1000001,8.1,dannon,1,68,1
7,0,0,0,0,10.3,8.1,6.6,8.1,dannon,1,68,1
7,0,0,0,0,10.3,8.1,6.6,7.9000004,dannon,1,68,1
7,0,0,0,0,10.3,8.1,6.6,7.9000004,dannon,1,68,1
7,0,0,0,0,10.3,8.1,6.6,7.9000004,dannon,1,68,1
7,0,0,0,0,12.5,8.1,6.6,7.9000004,dannon,1,68,1
7,0,0,0,0,12.5,8.1,6.6,7.9000004,dannon,1,68,1
7,0,0,0,0,2,9.7999997,4.8999999,7.9000004,yoplait,1,68,1
7,0,0,0,0,10.3,8.1,4.8999999,7.9000004,dannon,1,68,1
7,0,1,0,0,10.3,6.1000001,4.8999999,7.9000004,dannon,1,68,1
7,0,0,0,0,10.8,8.1,5.0000001,7.9000004,yoplait,1,68,1
7,0,0,0,0,10.8,8.1,5.0000001,7.9000004,yoplait,1,68,1
7,0,0,0,0,10.8,8.1,5.0000001,7.9000004,dannon,1,68,1
7,0,0,0,0,10.8,8.1,5.0000001,7.9000004,dannon,1,68,1
7,0,0,0,0,10.8,8.1,5.0000001,7.9000004,dannon,1,68,1
7,0,0,0,0,10.8,8.1,5.0000001,7.9000004,yoplait,1,68,1
7,0,0,0,0,11.5,8.1,4.3000001,7.9000004,dannon,1,68,1
7,0,0,0,0,10.8,6.3000001,5.0000001,7.9000004,dannon,1,68,1
7,0,0,0,0,10.8,5.0999999,5.0000001,7.9000004,yoplait,1,68,1
7,0,0,0,0,10.8,4.6999998,5.0000001,7.9000004,yoplait,1,68,1
8,0,0,0,0,10.3,7.4000001,6.1000001,8.1,dannon,0,28,0
8,0,0,0,0,10.3,7.4000001,6.1000001,8.1,dannon,0,28,0
8,0,0,0,0,10.3,7.4000001,6.1000001,8.1,dannon,0,28,0
8,0,0,0,0,10.3,7.4000001,6.1000001,8.1,dannon,0,28,0
8,0,0,0,0,12.5,8.1,6.6,7.9000004,dannon,0,28,0
8,0,0,0,0,12.5,8.1,6.6,7.9000004,dannon,0,28,0
8,0,0,0,0,10.3,8.1,4.8999999,7.9000004,dannon,0,28,0
8,0,0,0,0,10.3,8.1,4.8999999,7.9000004,dannon,0,28,0
8,0,0,0,0,10.3,8.1,4.8999999,7.9000004,dannon,0,28,0
8,0,0,0,0,10.3,8.1,4.8999999,7.9000004,dannon,0,28,0
8,0,0,0,0,12.5,8.1,4.8999999,7.9000004,dannon,0,28,0
8,0,0,0,0,10.8,8.1,5.0000001,7.9000004,dannon,0,28,0
8,0,0,0,0,10.3,8.1,4.8999999,7.9000004,dannon,0,28,0
8,0,0,0,0,10.3,8.1,4.8999999,7.9000004,dannon,0,28,0
8,0,0,0,0,10.3,8.1,4.8999999,7.9000004,dannon,0,28,0
8,0,0,0,0,10.3,8.1,4.8999999,7.9000004,dannon,0,28,0
8,0,0,0,0,10.3,8.1,4.8999999,7.9000004,dannon,0,28,0
8,0,1,0,0,10.3,6.1000001,4.8999999,7.9000004,dannon,0,28,0
8,0,0,0,0,10.8,8.1,5.0000001,7.9000004,dannon,0,28,0
8,0,0,0,0,12.2,8.6000003,5.0000001,8.6000003,dannon,0,28,0
8,0,0,0,0,10.8,8.6000003,5.4000001,7.9000004,dannon,0,28,0
8,0,0,0,1,5.5,8.6000003,5.0000001,6.8999998,dannon,0,28,0
8,0,0,0,1,5.5,8.6000003,5.0000001,6.8999998,dannon,0,28,0
8,0,0,0,0,10.8,8.6000003,5.4000001,7.9000004,dannon,0,28,0
8,0,0,0,0,8.8,6.3000001,6.1000001,6.3000001,dannon,0,28,0
9,0,0,0,0,11.5,8.1,6.1000001,8.1,weight,1,21,1
9,0,0,0,0,11.5,8.1,6.1000001,8.1,weight,1,21,1
9,0,0,0,0,11.5,8.1,6.1000001,8.1,weight,1,21,1
9,0,0,0,0,11.5,8.1,4.8999999,7.9000004,weight,1,21,1
9,0,0,0,0,10.8,8.1,6.1000001,8.1,weight,1,21,1
9,0,0,0,0,10.8,8.1,6.1000001,8.1,weight,1,21,1
9,0,0,0,0,11.5,8.1,6.1000001,8.1,weight,1,21,1
9,0,0,0,0,11.5,8.1,4.8999999,7.9000004,yoplait,1,21,1
9,0,0,0,0,10.8,8.1,6.1000001,8.1,weight,1,21,1
9,0,0,0,0,11.5,8.1,4.8999999,7.9000004,yoplait,1,21,1
9,0,0,0,0,11.5,8.1,4.8999999,7.9000004,yoplait,1,21,1
9,0,0,0,0,10.8,8.6000003,6.1000001,8.6000003,yoplait,1,21,1
9,0,0,0,0,10.8,8.6999997,6.8000004,9.3999997,yoplait,1,21,1
9,0,0,0,0,10.8,8.6000003,5.4000001,7.9000004,yoplait,1,21,1
9,0,0,0,0,2.2,8.1,6.1000001,8.6000003,yoplait,1,21,1
9,0,0,0,0,12.2,8.6000003,6.1000001,9.0999998,yoplait,1,21,1
9,0,0,0,0,12.2,8.6000003,6.1000001,9.0999998,yoplait,1,21,1
9,0,0,0,0,12.2,8.6000003,6.1000001,8.6000003,yoplait,1,21,1
9,0,0,0,0,12.2,8.6000003,6.1000001,8.6000003,yoplait,1,21,1
9,0,0,0,0,12.2,8.6000003,6.1000001,8.6000003,dannon,1,21,1
9,0,0,0,0,12.2,8.6000003,6.1000001,8.6000003,yoplait,1,21,1
9,0,0,0,0,12.2,8.6000003,6.1000001,8.6000003,yoplait,1,21,1
9,0,0,0,0,12.2,8.6000003,6.1000001,8.6000003,yoplait,1,21,1
9,0,0,0,0,12.2,8.1,6.1000001,8.6000003,yoplait,1,21,1
9,0,0,0,0,12.2,8.1,6.1000001,8.6000003,yoplait,1,21,1
9,0,0,0,0,12.2,8.6000003,6.1000001,8.6000003,yoplait,1,21,1
9,0,0,0,0,12.2,8.6000003,6.1000001,8.6000003,yoplait,1,21,1
10,0,0,0,0,10.3,8.1,4.8999999,7.9000004,dannon,1,28,1
10,0,0,0,0,10.3,8.1,4.8999999,7.9000004,dannon,1,28,1
10,0,0,0,0,10.3,8.1,4.8999999,7.9000004,dannon,1,28,1
10,0,1,0,0,10.3,6.1000001,4.8999999,7.9000004,dannon,1,28,1
10,0,1,0,0,10.3,6.1000001,4.8999999,7.9000004,dannon,1,28,1
10,0,0,0,0,11.5,8.6000003,5.4000001,7.9000004,dannon,1,28,1
10,0,0,0,0,10.8,8.6000003,5.4000001,7.9000004,dannon,1,28,1
10,0,0,0,0,10.8,8.6000003,5.4000001,7.9000004,dannon,1,28,1
10,0,0,0,0,10.8,8.6000003,5.4000001,7.9000004,dannon,1,28,1
10,0,1,0,0,5.7,6.3000001,5.4000001,8.1,dannon,1,28,1
10,0,0,0,1,11.5,4.1000001,6.1000001,6.3000001,dannon,1,28,1
10,0,0,1,0,11.5,6.3000001,6.1000001,7.9000004,dannon,1,28,1
10,0,0,0,0,11.5,6.3000001,6.1000001,6.3000001,dannon,1,28,1
10,0,0,0,0,11.5,6.3000001,6.1000001,6.3000001,dannon,1,28,1
11,0,0,0,0,11,8.6000003,4.4,8.1,dannon,1,19,0
11,0,0,0,0,11,8.6000003,4.4,8.1,dannon,1,19,0
11,0,0,0,0,10.8,8.6000003,5.4000001,7.9000004,yoplait,1,19,0
11,0,0,0,0,10.8,8.6000003,5.4000001,7.9000004,yoplait,1,19,0
11,0,0,0,0,11,8.6000003,6.1000001,8.1,weight,1,19,0
11,0,0,0,0,11,8.6000003,6.1000001,8.1,dannon,1,19,0
11,0,0,1,0,11,8.6000003,3.0999999,8.1,hiland,1,19,0
11,0,0,1,0,11,8.6000003,3.0999999,8.1,hiland,1,19,0
11,0,0,0,0,11,8.6000003,2.8999999,6.1000001,dannon,1,19,0
11,0,0,0,0,11,8.6000003,2.8999999,6.1000001,dannon,1,19,0
12,0,0,0,0,10.3,8.1,6.4000003,8.1,dannon,0,21,0
12,0,0,0,0,11.6,8.1,5.0000001,7.9999998,dannon,0,21,0
12,0,0,0,0,10.8,8.1,6.1000001,7.9000004,dannon,0,21,0
12,0,0,0,0,10.8,8.1,5.0000001,7.9000004,dannon,0,21,0
12,0,0,0,0,10.8,8.1,5.0000001,8.1,dannon,0,21,0
12,0,0,0,0,10.8,8.1,5.0000001,8.1,dannon,0,21,0
12,0,0,0,0,10.9,8.1,5.0000001,8.5000001,dannon,0,21,0
12,0,0,0,0,10.8,8.1,5.0000001,8.1,dannon,0,21,0
12,0,0,0,0,10.8,8.1,5.0000001,8.1,dannon,0,21,0
13,0,0,0,0,10.3,7.4000001,6.1000001,8.1,dannon,1,38,1
13,0,0,0,0,10.3,8.1,6.4000003,8.1,dannon,1,38,1
13,0,0,0,0,10.3,8.1,4.8999999,7.9000004,dannon,1,38,1
13,0,0,0,0,10.3,8.1,4.8999999,7.9000004,dannon,1,38,1
13,0,0,0,0,3.7,8.1,4.8999999,7.9000004,yoplait,1,38,1
13,0,0,0,0,9.7999997,8.1,4.8999999,7.9000004,yoplait,1,38,1
13,0,0,0,0,10.3,8.1,4.8999999,7.9000004,yoplait,1,38,1
13,0,0,0,0,10.3,8.1,4.8999999,7.9000004,yoplait,1,38,1
13,0,0,0,0,10.3,8.1,4.8999999,7.9000004,yoplait,1,38,1
13,0,0,0,0,11.5,8.1,4.8999999,7.9000004,dannon,1,38,1
14,0,0,0,0,0.80000004,9.2,5.0000001,7.9000004,yoplait,1,58,1
14,0,0,0,0,10.8,9.2,5.0000001,7.9000004,yoplait,1,58,1
14,0,0,0,0,10.8,9.7999997,5.0000001,7.9000004,yoplait,1,58,1
14,0,0,0,0,10.8,9.7999997,5.0000001,7.9000004,yoplait,1,58,1
14,0,0,0,0,10.8,9.7999997,5.0000001,7.9000004,yoplait,1,58,1
14,0,0,0,0,10.8,8.1,5.0000001,7.9000004,yoplait,1,58,1
14,0,0,0,0,10.8,8.1,5.0000001,7.9000004,yoplait,1,58,1
14,0,0,0,0,10.8,6.3000001,5.0000001,7.9000004,yoplait,1,58,1
14,0,0,0,0,10.8,6.3000001,5.0000001,7.9000004,yoplait,1,58,1
14,0,0,0,0,10.8,6.3000001,5.0000001,7.9000004,yoplait,1,58,1
14,0,0,0,0,10.8,8.6000003,5.0000001,7.9000004,yoplait,1,58,1
14,0,0,0,0,10.8,8.6000003,5.0000001,7.9000004,yoplait,1,58,1
14,0,0,0,0,10.8,4.1999999,5.0000001,7.9000004,yoplait,1,58,1
15,0,0,0,0,12.5,7.4000001,6.1000001,8.1,weight,1,32,1
15,0,0,0,0,12.5,7.4000001,6.1000001,8.1,weight,1,32,1
15,0,0,0,0,10.3,7.4000001,6.1000001,8.1,weight,1,32,1
15,0,0,0,0,10.3,7.4000001,6.1000001,8.1,weight,1,32,1
15,0,0,0,0,10.3,9.7999997,6.6,7.9000004,yoplait,1,32,1
15,0,0,0,0,10.3,9.7999997,6.6,7.9000004,dannon,1,32,1
15,0,0,0,0,10.3,9.7999997,6.6,7.9000004,yoplait,1,32,1
15,0,0,0,0,10.3,9.7999997,6.6,7.9000004,dannon,1,32,1
15,0,0,0,0,10.3,9.7999997,6.6,7.9000004,dannon,1,32,1
15,0,0,0,0,10.3,9.7999997,6.6,7.9000004,yoplait,1,32,1
15,0,0,0,0,10.3,9.7999997,6.6,7.9000004,yoplait,1,32,1
15,0,0,0,0,10.3,9.7999997,6.6,7.9000004,yoplait,1,32,1
15,0,0,0,0,10.3,9.7999997,6.6,7.9000004,yoplait,1,32,1
15,0,0,0,0,10.3,9.7999997,6.6,7.9000004,yoplait,1,32,1
15,0,0,0,0,10.3,9.7999997,6.6,7.9000004,yoplait,1,32,1
15,0,0,0,0,10.3,9.7999997,6.6,7.9000004,yoplait,1,32,1
15,0,0,0,0,10.3,9.7999997,6.6,7.9000004,yoplait,1,32,1
15,0,0,0,0,10.3,9.7999997,6.6,7.9000004,yoplait,1,32,1
15,0,0,0,0,10.3,9.7999997,4.8999999,7.9000004,yoplait,1,32,1
15,0,0,0,0,10.3,8.1,4.8999999,7.9000004,weight,1,32,1
15,0,0,0,0,6.1999999,9.7999997,4.8999999,7.9000004,yoplait,1,32,1
15,0,0,0,0,10.3,8.1,4.8999999,7.9000004,weight,1,32,1
15,0,0,0,0,10.3,8.1,4.8999999,7.9000004,weight,1,32,1
15,0,0,0,0,10.3,8.1,4.8999999,7.9000004,weight,1,32,1
15,0,0,0,0,10.3,8.1,4.8999999,7.9000004,weight,1,32,1
15,0,0,0,0,10.3,8.1,4.8999999,7.9000004,weight,1,32,1
15,0,0,0,0,10.3,8.1,4.8999999,7.9000004,weight,1,32,1
15,0,0,0,0,10.3,8.1,4.8999999,7.9000004,weight,1,32,1
15,0,0,0,0,10.3,8.1,4.8999999,7.9000004,weight,1,32,1
15,0,0,0,0,10.3,8.1,4.8999999,7.9000004,weight,1,32,1
15,0,0,0,0,10.3,8.1,4.8999999,7.9000004,weight,1,32,1
15,0,0,0,0,10.3,8.1,4.8999999,7.9000004,weight,1,32,1
15,0,0,0,0,10.3,8.1,4.8999999,7.9000004,weight,1,32,1
15,0,0,0,0,10.3,8.1,4.8999999,7.9000004,weight,1,32,1
15,0,0,0,0,10.3,8.1,4.8999999,7.9000004,weight,1,32,1
15,0,0,0,0,10.3,8.1,4.8999999,7.9000004,weight,1,32,1
15,0,0,0,0,10.3,8.1,4.8999999,7.9000004,weight,1,32,1
15,0,0,0,0,10.3,8.1,4.8999999,7.9000004,weight,1,32,1
15,0,0,0,0,10.3,8.1,4.8999999,7.9000004,weight,1,32,1
15,0,0,0,0,10.3,8.1,4.8999999,7.9000004,weight,1,32,1
15,0,0,0,0,10.3,8.1,4.8999999,7.9000004,weight,1,32,1
15,0,0,0,0,10.3,8.1,4.8999999,7.9000004,weight,1,32,1
15,0,0,0,0,10.3,8.1,4.8999999,7.9000004,weight,1,32,1
15,0,0,0,0,10.3,8.1,4.8999999,7.9000004,weight,1,32,1
15,0,0,0,0,10.3,8.1,4.8999999,7.9000004,weight,1,32,1
15,0,0,0,0,10.3,8.1,4.8999999,7.9000004,weight,1,32,1
15,0,0,0,0,10.3,8.1,4.8999999,7.9000004,weight,1,32,1
15,0,0,0,0,10.3,8.1,4.8999999,7.9000004,weight,1,32,1
15,0,0,0,0,10.3,8.1,4.8999999,7.9000004,weight,1,32,1
15,0,0,0,0,10.3,8.1,4.8999999,7.9000004,weight,1,32,1
15,0,0,0,0,10.3,8.1,4.8999999,7.9000004,weight,1,32,1
15,0,1,0,0,10.3,6.1000001,4.8999999,7.9000004,weight,1,32,1
15,0,1,0,0,10.3,6.1000001,4.8999999,7.9000004,weight,1,32,1
15,0,0,0,0,10.3,6.6,4.8999999,7.9000004,weight,1,32,1
15,0,0,0,0,10.3,6.8000004,4.8999999,7.9000004,weight,1,32,1
15,0,0,0,0,10.3,6.6,4.8999999,7.9000004,weight,1,32,1
15,0,0,0,0,10.3,8.1,4.8999999,7.9000004,weight,1,32,1
15,0,0,0,0,10.3,8.1,4.8999999,7.9000004,weight,1,32,1
15,0,0,0,0,10.3,8.1,4.8999999,7.9000004,weight,1,32,1
15,0,0,0,0,19.3,9.2,5.0000001,7.9000004,weight,1,32,1
15,0,0,0,0,19.3,9.2,5.0000001,7.9000004,weight,1,32,1
15,0,0,0,0,10.8,8.1,4.8999999,7.9000004,weight,1,32,1
15,0,0,0,0,11.5,8.1,4.8999999,7.9000004,weight,1,32,1
15,0,0,0,0,11.5,8.1,4.8999999,7.9000004,weight,1,32,1
15,0,0,0,0,11.5,8.1,4.8999999,7.9000004,weight,1,32,1
15,0,0,0,0,11.5,8.1,4.8999999,7.9000004,weight,1,32,1
15,0,0,0,0,11.5,8.1,4.8999999,7.9000004,weight,1,32,1
15,0,0,0,0,11.5,8.1,4.8999999,7.9000004,weight,1,32,1
15,0,0,0,0,11.5,8.1,4.8999999,7.9000004,weight,1,32,1
15,0,0,0,0,11.5,8.1,4.8999999,7.9000004,weight,1,32,1
15,0,0,0,0,11.5,8.1,4.8999999,7.9000004,weight,1,32,1
15,0,0,0,0,11.5,8.1,4.8999999,7.9000004,weight,1,32,1
15,0,0,0,0,11.5,8.1,4.8999999,7.9000004,dannon,1,32,1
15,0,0,1,0,11.5,8.1,3.3,7.9000004,weight,1,32,1
15,0,0,1,0,11.5,8.1,3.3,7.9000004,weight,1,32,1
15,0,0,1,0,11.5,8.1,3.3,7.9000004,weight,1,32,1
15,0,0,0,0,11.5,8.1,3.7,7.9000004,yoplait,1,32,1
15,0,0,0,0,11.5,8.1,3.7,7.9000004,yoplait,1,32,1
15,0,0,0,0,11,8.1,3.5999998,7.9000004,weight,1,32,1
15,0,0,0,0,11.5,8.2999997,4.3000001,7.9000004,weight,1,32,1
15,0,0,0,0,11.5,8.6000003,5.4000001,7.9000004,weight,1,32,1
15,0,0,0,0,11.5,8.6000003,5.4000001,7.9000004,weight,1,32,1
15,0,0,0,0,11.5,8.6000003,5.4000001,7.9000004,weight,1,32,1
15,0,0,0,0,11.5,8.6000003,5.4000001,7.9000004,weight,1,32,1
15,0,0,0,0,11.5,8.6000003,5.4000001,7.9000004,weight,1,32,1
15,1,0,0,0,9.0999998,8.6000003,5.4000001,7.9000004,weight,1,32,1
15,0,0,0,0,11.5,8.6000003,5.4000001,7.9000004,weight,1,32,1
15,0,0,0,0,11.5,8.6000003,5.4000001,7.9000004,weight,1,32,1
15,0,0,0,0,11.5,8.6000003,5.4000001,7.9000004,weight,1,32,1
15,0,0,0,0,11.5,8.6000003,5.4000001,7.9000004,weight,1,32,1
15,1,0,0,0,8.6999997,8.6000003,5.4000001,7.9000004,weight,1,32,1
15,1,0,0,0,8.6999997,8.6000003,5.4000001,7.9000004,weight,1,32,1
15,1,0,0,0,8.6999997,8.6000003,5.4000001,7.9000004,weight,1,32,1
15,0,0,0,0,10.7,9.0000004,5.9,7.9000004,weight,1,32,1
15,0,0,0,0,10.7,9.0000004,5.9,7.9000004,weight,1,32,1
15,0,0,0,0,10.8,8.6000003,5.4000001,7.9000004,weight,1,32,1
15,0,0,0,0,10.8,8.6000003,5.4000001,7.9000004,weight,1,32,1
15,0,0,0,0,10.8,8.6000003,5.4000001,7.9000004,weight,1,32,1
15,0,0,0,0,10.8,8.6000003,5.4000001,7.9000004,weight,1,32,1
15,0,0,0,0,10.8,8.6000003,5.4000001,7.9000004,weight,1,32,1
15,0,0,0,0,10.8,8.6000003,5.4000001,7.9000004,weight,1,32,1
15,0,0,0,0,10.8,8.6000003,5.4000001,7.9000004,weight,1,32,1
15,0,0,0,0,10.8,8.6000003,5.4000001,7.9000004,weight,1,32,1
15,0,0,0,0,10.8,8.6000003,5.4000001,7.9000004,weight,1,32,1
15,0,0,0,0,10.8,8.6000003,5.4000001,7.9000004,weight,1,32,1
15,0,0,0,0,10.8,8.6000003,5.4000001,7.9000004,weight,1,32,1
15,0,0,0,0,10.8,8.6000003,5.4000001,7.9000004,weight,1,32,1
15,0,0,0,0,10.8,8.6000003,5.4000001,7.9000004,weight,1,32,1
15,0,0,0,0,10.8,8.6000003,5.4000001,7.9000004,weight,1,32,1
15,0,0,0,0,10.8,8.6000003,5.4000001,7.9000004,weight,1,32,1
15,0,0,0,0,10.8,8.6000003,5.4000001,7.9000004,weight,1,32,1
15,0,0,0,0,10.8,8.6000003,5.4000001,7.9000004,weight,1,32,1
15,0,0,0,0,10.8,8.6000003,5.4000001,7.9000004,weight,1,32,1
15,0,0,0,0,10.8,8.6000003,5.4000001,7.9000004,weight,1,32,1
15,0,0,0,0,10.8,8.6000003,5.4000001,7.9000004,weight,1,32,1
15,0,0,0,0,10.8,8.6000003,5.4000001,7.9000004,weight,1,32,1
15,0,0,0,0,10.8,8.6000003,5.4000001,7.9000004,weight,1,32,1
15,1,0,0,0,10.8,8.6000003,5.4000001,7.9000004,weight,1,32,1
15,0,0,0,0,12.2,8.6000003,6.1000001,8.6000003,weight,1,32,1
15,1,0,0,0,10.8,8.6000003,2.5,7.9000004,yoplait,1,32,1
15,0,0,1,0,10.8,8.6000003,2.5,7.9000004,yoplait,1,32,1
15,0,0,1,0,10.8,8.6000003,5.4000001,7.9000004,yoplait,1,32,1
15,0,0,1,0,10.8,8.6000003,5.4000001,7.9000004,yoplait,1,32,1
15,0,0,0,0,10.8,8.6000003,4.3000001,7.9000004,yoplait,1,32,1
15,0,0,0,0,10.8,8.6000003,5.4000001,7.9000004,yoplait,1,32,1
15,0,0,0,0,10.8,8.6000003,4.3000001,7.9000004,yoplait,1,32,1
15,0,0,0,0,10.8,8.6000003,5.4000001,7.9000004,yoplait,1,32,1
15,0,0,0,0,10.8,8.6000003,2.5,7.9000004,yoplait,1,32,1
15,0,0,0,0,10.8,8.6000003,2.5,7.9000004,yoplait,1,32,1
15,0,0,0,0,12.2,8.6000003,6.1000001,8.6000003,yoplait,1,32,1
15,1,0,0,0,2.5,8.6000003,5.4000001,7.9000004,yoplait,1,32,1
15,1,0,0,0,10.8,8.6000003,5.4000001,7.9000004,yoplait,1,32,1
15,1,0,0,0,10.8,8.6000003,5.4000001,7.9000004,yoplait,1,32,1
15,0,0,0,0,10.8,8.6000003,5.4000001,7.9000004,weight,1,32,1
15,0,0,0,0,10.8,8.6000003,5.4000001,7.9000004,weight,1,32,1
15,0,0,0,0,10.8,8.6000003,5.4000001,7.9000004,yoplait,1,32,1
15,0,0,0,0,10.8,8.6000003,5.4000001,7.9000004,yoplait,1,32,1
15,0,0,0,0,12.2,8.6000003,5.4000001,7.9000004,weight,1,32,1
15,0,0,0,0,12.2,8.6000003,5.4000001,7.9000004,yoplait,1,32,1
15,0,0,0,0,12.2,8.6000003,5.4000001,7.9000004,yoplait,1,32,1
15,0,0,0,0,12.2,8.6000003,5.4000001,7.9000004,weight,1,32,1
15,1,0,0,0,12.2,8.6000003,5.4000001,8.6000003,yoplait,1,32,1
15,0,0,0,0,12.2,8.6000003,5.4000001,7.9000004,yoplait,1,32,1
15,0,0,0,0,12.2,8.6000003,5.4000001,7.9000004,yoplait,1,32,1
15,0,1,0,0,12.2,6.3000001,5.4000001,8.6000003,weight,1,32,1
15,0,1,0,0,12.2,6.3000001,5.4000001,8.6000003,weight,1,32,1
15,0,0,0,0,12.2,6.6,5.4000001,8.6000003,yoplait,1,32,1
15,0,0,0,0,12.2,6.6,5.4000001,8.6000003,weight,1,32,1
15,0,0,0,0,12.2,8.6000003,6.1000001,9.0999998,weight,1,32,1
15,0,0,0,1,12.2,8.6000003,5.6000002,6.3000001,yoplait,1,32,1
15,0,0,0,1,11.8,8.6000003,5.6000002,8.6000003,weight,1,32,1
15,0,0,0,1,12.2,8.6000003,5.6000002,6.3000001,yoplait,1,32,1
15,0,0,0,1,11.5,8.6000003,6.1000001,6.3000001,weight,1,32,1
15,0,0,0,1,11.5,8.6000003,6.1000001,6.3000001,weight,1,32,1
15,0,0,0,0,8.2999997,8.6000003,6.1000001,7.9000004,weight,1,32,1
15,0,0,0,0,8.2999997,8.6000003,6.1000001,7.9000004,weight,1,32,1
15,0,0,0,0,11.5,8.6000003,6.1000001,7.9000004,weight,1,32,1
15,0,0,0,0,11.5,8.6000003,6.1000001,7.9000004,yoplait,1,32,1
15,0,0,0,0,11.5,8.6000003,6.1000001,7.9000004,weight,1,32,1
15,0,1,0,0,11.5,6.3000001,6.1000001,7.9000004,weight,1,32,1
15,0,1,0,0,11.5,6.3000001,6.1000001,7.9000004,yoplait,1,32,1
15,0,1,0,0,11.5,6.3000001,6.1000001,7.9000004,weight,1,32,1
15,0,0,1,0,11.5,6.3000001,6.1000001,4.4,yoplait,1,32,1
15,0,0,1,0,11.5,6.3000001,6.1000001,4.4,yoplait,1,32,1
15,0,0,1,0,11.5,8.6000003,6.1000001,7.9000004,yoplait,1,32,1
15,0,0,0,0,11.5,8.6000003,5.5,7.9000004,yoplait,1,32,1
15,0,0,0,0,11.5,8.6000003,5.5,7.9000004,yoplait,1,32,1
15,0,0,0,0,11.5,8.6000003,5.5,7.9000004,weight,1,32,1
15,0,0,0,0,11.5,8.6000003,5.5,7.9000004,weight,1,32,1
15,0,0,0,0,11.5,8.6000003,4.6,7.9000004,weight,1,32,1
15,1,0,0,0,11.5,8.6000003,6.1000001,7.9000004,weight,1,32,1
15,1,0,0,0,11.5,8.6000003,6.1000001,7.9000004,weight,1,32,1
15,1,0,0,0,11.5,8.6000003,6.1000001,4.1000001,weight,1,32,1
15,1,0,0,0,11.5,8.6000003,6.1000001,7.9000004,weight,1,32,1
15,1,0,0,0,8.2999997,8.6000003,6.1000001,7.9000004,yoplait,1,32,1
15,1,0,0,0,8.2999997,8.6000003,6.1000001,7.9000004,yoplait,1,32,1
15,1,0,0,0,8.2999997,8.6000003,6.1000001,7.1000002,yoplait,1,32,1
15,0,0,0,0,11.5,6.3000001,6.1000001,7.9000004,weight,1,32,1
15,0,0,0,0,11.5,6.3000001,6.1000001,7.9000004,weight,1,32,1
15,0,0,0,0,5.7,6.3000001,6.1000001,6.3000001,weight,1,32,1
15,0,0,0,0,11.5,6.3000001,6.1000001,6.3000001,weight,1,32,1
15,0,0,0,0,5.7,6.3000001,6.1000001,6.3000001,weight,1,32,1
15,0,0,0,0,5.7,6.3000001,6.1000001,6.3000001,weight,1,32,1
15,0,0,0,0,8.8,8.6000003,6.1000001,6.3000001,weight,1,32,1
15,0,0,0,0,8.2999997,6.3000001,6.1000001,6.3000001,weight,1,32,1
16,0,0,0,0,10.3,8.1,4.8999999,7.9000004,dannon,1,54,0
16,0,0,0,0,11.5,8.1,3.7999999,7.9000004,weight,1,54,0
16,0,0,0,0,12.2,8.6000003,6.1000001,8.6000003,weight,1,54,0
16,0,0,0,0,10.8,8.6000003,6.1000001,8.6000003,weight,1,54,0
16,0,0,0,0,10.8,8.6000003,6.1000001,8.6000003,weight,1,54,0
16,0,0,0,0,10.8,8.6000003,5.4000001,7.9000004,weight,1,54,0
16,0,0,0,0,10.8,8.6000003,5.4000001,7.9000004,weight,1,54,0
16,0,0,0,0,10.8,8.6000003,5.4000001,7.9000004,weight,1,54,0
16,0,0,0,0,11.5,6.4000003,6.1000001,7.9000004,weight,1,54,0
17,0,0,0,0,10.8,9.7999997,6.1000001,8.6000003,yoplait,1,34,0
17,0,0,0,0,10.8,9.7999997,6.1000001,8.6000003,dannon,1,34,0
17,1,0,0,0,9.0999998,8.1,6.1000001,8.6000003,dannon,1,34,0
17,1,0,0,0,9.0999998,8.6000003,6.1000001,8.6000003,dannon,1,34,0
17,1,0,0,0,9.0999998,8.1,6.1000001,8.6000003,dannon,1,34,0
17,0,0,0,1,12.2,8.6000003,6.1000001,6.8000004,yoplait,1,34,0
17,0,0,0,0,12.2,8.6000003,6.1000001,8.6000003,dannon,1,34,0
17,0,0,0,0,12.2,8.6000003,6.1000001,8.6000003,dannon,1,34,0
17,0,0,0,0,12.2,8.6000003,6.1000001,8.6000003,dannon,1,34,0
17,0,0,0,0,12.2,8.6000003,6.1000001,8.6000003,yoplait,1,34,0
17,0,0,0,0,12.2,8.6000003,6.1000001,8.6000003,yoplait,1,34,0
17,1,0,0,0,12.2,8.6000003,6.1000001,8.6000003,yoplait,1,34,0
17,1,0,0,0,12.2,8.6000003,6.1000001,8.6000003,yoplait,1,34,0
17,1,0,0,0,12.2,8.6000003,6.1000001,8.6000003,dannon,1,34,0
17,0,0,0,0,12.2,8.6000003,6.1000001,8.6000003,dannon,1,34,0
17,0,0,0,0,12.2,8.6000003,6.1000001,8.6000003,yoplait,1,34,0
17,0,0,0,0,12.2,8.6000003,6.1000001,8.6000003,yoplait,1,34,0
17,0,0,0,0,12.2,8.6000003,6.1000001,8.6000003,yoplait,1,34,0
17,0,0,0,0,12.2,8.6000003,6.1000001,8.6000003,yoplait,1,34,0
17,0,0,0,0,12.2,8.6000003,6.1000001,8.6000003,yoplait,1,34,0
17,0,0,0,0,12.2,8.6000003,6.1000001,8.6000003,yoplait,1,34,0
17,0,0,0,0,12.2,8.6000003,6.1000001,8.6000003,yoplait,1,34,0
17,0,0,0,0,12.2,8.6000003,6.1000001,8.6000003,dannon,1,34,0
17,0,0,0,0,12.2,8.6000003,6.1000001,8.6000003,yoplait,1,34,0
17,0,0,0,0,12.2,8.6000003,6.1000001,8.6000003,yoplait,1,34,0
17,0,0,0,0,12.2,8.6000003,6.1000001,8.6000003,dannon,1,34,0
17,0,0,0,0,12.2,8.6000003,6.1000001,8.6000003,dannon,1,34,0
17,0,0,0,0,12.2,8.6000003,6.1000001,8.6000003,yoplait,1,34,0
17,0,0,0,0,12.2,8.6000003,6.1000001,8.6000003,yoplait,1,34,0
17,0,0,0,0,12.2,8.6000003,6.1000001,8.6000003,dannon,1,34,0
17,0,0,0,0,12.2,8.6000003,6.1000001,8.6000003,yoplait,1,34,0
17,0,0,0,0,12.2,8.6000003,6.1000001,8.6000003,dannon,1,34,0
17,0,0,0,0,12.2,8.6000003,6.1000001,8.6000003,yoplait,1,34,0
17,0,0,0,0,12.2,8.6000003,6.1000001,8.6000003,dannon,1,34,0
17,0,0,0,0,12.2,8.6000003,6.1000001,8.6000003,yoplait,1,34,0
17,0,0,0,0,12.2,8.6000003,6.1000001,8.6000003,yoplait,1,34,0
17,0,0,0,0,12.2,8.6000003,6.1000001,8.6000003,yoplait,1,34,0
17,0,0,0,0,12.2,8.6000003,6.1000001,8.6000003,yoplait,1,34,0
17,0,0,0,0,12.2,8.6000003,6.1000001,8.6000003,dannon,1,34,0
17,0,0,0,0,12.2,8.6000003,6.1000001,8.6000003,yoplait,1,34,0
17,0,0,0,0,12.2,8.6000003,6.1000001,8.6000003,yoplait,1,34,0
18,0,0,0,0,10.8,8.1,6.1000001,7.9000004,weight,1,18,0
18,0,0,0,1,10.8,8.1,6.1000001,7.4000001,weight,1,18,0
18,0,1,0,0,10.8,8.6000003,5.0000001,8.6000003,weight,1,18,0
18,0,0,0,0,11.5,8.1,6.1000001,8.6000003,yoplait,1,18,0
18,0,0,0,0,11.5,8.1,6.1000001,8.1,yoplait,1,18,0
19,0,0,0,0,12.5,8.1,4.8999999,7.9000004,dannon,0,56,0
19,0,0,0,0,12.5,8.1,4.8999999,7.9000004,dannon,0,56,0
19,0,0,0,0,12.5,8.1,4.8999999,7.9000004,dannon,0,56,0
19,0,0,0,0,9.7999997,9.7999997,4.8999999,7.9000004,dannon,0,56,0
19,0,0,0,0,9.7999997,9.7999997,4.8999999,7.9000004,dannon,0,56,0
19,0,0,0,0,9.7999997,9.7999997,4.8999999,7.9000004,dannon,0,56,0
19,0,0,0,0,9.7999997,9.7999997,4.8999999,7.9000004,dannon,0,56,0
19,0,0,0,0,12.5,8.1,4.8999999,7.9000004,dannon,0,56,0
19,0,0,0,0,12.5,8.1,4.8999999,7.9000004,hiland,0,56,0
19,0,0,0,0,12.5,8.1,4.8999999,7.9000004,dannon,0,56,0
19,0,0,0,0,12.5,8.1,4.8999999,7.9000004,dannon,0,56,0
19,0,0,0,0,9.7999997,9.7999997,4.8999999,7.9000004,yoplait,0,56,0
19,0,0,0,0,11,8.1,4.8999999,7.9000004,dannon,0,56,0
19,0,0,0,0,11,8.1,4.8999999,7.9000004,dannon,0,56,0
19,0,0,0,0,12.5,8.1,4.8999999,7.9000004,dannon,0,56,0
19,0,0,0,0,12.5,8.1,4.8999999,7.9000004,dannon,0,56,0
19,0,0,0,0,10.3,8.1,4.8999999,7.9000004,dannon,0,56,0
19,0,0,0,0,10.3,8.1,4.8999999,7.9000004,dannon,0,56,0
19,0,0,0,0,10.3,8.1,4.8999999,7.9000004,dannon,0,56,0
19,0,0,0,0,9.7999997,8.1,4.8999999,7.9000004,hiland,0,56,0
19,0,0,0,0,10.3,9.7999997,4.8999999,7.9000004,yoplait,0,56,0
19,0,0,0,0,10.3,6.4000003,4.8999999,7.9000004,hiland,0,56,0
19,0,0,0,0,10.3,6.4000003,4.8999999,7.9000004,hiland,0,56,0
19,0,0,0,0,10.8,8.1,4.8999999,7.9000004,dannon,0,56,0
19,0,0,0,0,10.8,9.7999997,4.8999999,7.9000004,dannon,0,56,0
19,0,0,0,0,10.8,8.1,4.8999999,7.9000004,dannon,0,56,0
19,0,0,0,0,11.5,8.1,4.8999999,7.9000004,weight,0,56,0
19,0,0,0,0,11.5,8.1,4.8999999,7.9000004,weight,0,56,0
19,0,0,0,0,11.5,8.1,4.8999999,7.9000004,yoplait,0,56,0
19,0,0,0,0,11.5,8.1,4.8999999,7.9000004,weight,0,56,0
19,0,0,1,0,11.5,8.1,3.0999999,7.9000004,dannon,0,56,0
19,0,0,0,0,11.5,8.1,3.2000002,7.9000004,dannon,0,56,0
19,0,0,0,0,11.5,8.6000003,5.4000001,7.9000004,dannon,0,56,0
19,0,0,0,0,11.5,8.6000003,5.4000001,7.9000004,dannon,0,56,0
19,1,0,0,0,11.5,8.6000003,5.4000001,7.9000004,hiland,0,56,0
19,0,0,0,0,11.5,8.6000003,5.4000001,7.9000004,dannon,0,56,0
19,0,0,0,0,11.5,8.6000003,5.4000001,7.9000004,dannon,0,56,0
19,0,0,0,0,10.8,8.6000003,5.4000001,7.9000004,dannon,0,56,0
19,0,0,0,0,10.8,8.6000003,5.4000001,7.9000004,dannon,0,56,0
19,0,0,0,0,10.8,8.6000003,5.4000001,7.9000004,dannon,0,56,0
19,0,0,0,0,10.8,8.6000003,5.4000001,7.9000004,dannon,0,56,0
19,0,0,0,0,10.8,8.6000003,5.4000001,7.9000004,dannon,0,56,0
19,1,0,0,0,10.8,8.6000003,5.4000001,7.9000004,dannon,0,56,0
19,1,0,0,0,10.8,8.6000003,5.4000001,7.9000004,dannon,0,56,0
19,0,0,1,0,10.8,8.6000003,2.5,7.9000004,dannon,0,56,0
19,0,0,0,0,10.8,8.6000003,2.5,7.9000004,dannon,0,56,0
19,0,0,0,0,10.8,8.6000003,2.5,7.9000004,dannon,0,56,0
19,1,0,0,0,8.2999997,8.6000003,5.4000001,7.9000004,dannon,0,56,0
19,0,0,0,0,12.2,8.6000003,5.4000001,7.9000004,dannon,0,56,0
19,0,0,0,0,12.2,8.6000003,5.4000001,7.9000004,dannon,0,56,0
19,0,0,0,0,12.2,8.6000003,5.4000001,7.9000004,dannon,0,56,0
19,0,0,0,0,8.5000001,8.6000003,5.4000001,8.6000003,dannon,0,56,0
19,0,0,0,0,8.5000001,8.6000003,5.4000001,8.6000003,dannon,0,56,0
19,0,1,0,0,12.2,6.3000001,5.4000001,7.9000004,dannon,0,56,0
19,0,0,0,1,8.2999997,8.6000003,5.4000001,6.3000001,hiland,0,56,0
19,0,0,0,1,8.2999997,8.6000003,5.4000001,6.3000001,hiland,0,56,0
19,0,0,0,0,11.2,8.1,5.4000001,7.9000004,hiland,0,56,0
19,0,0,0,1,11.5,8.6000003,6.1000001,6.3000001,dannon,0,56,0
19,0,0,0,0,11.5,8.6000003,6.1000001,6.6,dannon,0,56,0
19,0,1,0,0,11.5,6.3000001,6.1000001,7.9000004,dannon,0,56,0
19,0,1,0,0,11.5,6.3000001,6.1000001,7.9000004,dannon,0,56,0
19,0,0,0,0,11.5,8.6000003,6.1000001,7.9000004,dannon,0,56,0
19,0,0,0,0,11.5,8.6000003,6.1000001,7.9000004,dannon,0,56,0
19,1,0,0,0,11.5,8.6000003,6.1000001,6.8999998,dannon,0,56,0
19,1,0,0,0,11.5,8.6000003,6.1000001,6.8999998,dannon,0,56,0
19,0,0,0,1,7.1999997,8.6000003,6.1000001,6.3000001,dannon,0,56,0
19,0,0,0,0,11.5,6.3000001,6.1000001,6.3000001,dannon,0,56,0
19,0,0,0,0,11.5,6.3000001,6.1000001,6.3000001,dannon,0,56,0
20,0,0,0,0,0.99999998,8.1,6.6,7.9000004,yoplait,1,35,0
20,0,0,0,0,10.8,9.2,5.0000001,7.9000004,yoplait,1,35,0
20,0,0,0,0,6.7000002,9.2,5.0000001,7.9000004,yoplait,1,35,0
20,0,0,0,0,7,8.1,5.7999998,7.9000004,yoplait,1,35,0
20,0,0,0,0,7,8.1,5.7999998,7.9000004,yoplait,1,35,0
20,0,0,0,0,7.4000001,8.1,6.6,7.9000004,yoplait,1,35,0
20,0,0,0,0,7.4000001,8.1,6.6,7.9000004,yoplait,1,35,0
20,0,0,0,0,3.9999999,8.1,6.6,8.6000003,yoplait,1,35,0
20,0,0,0,0,3.9999999,8.1,6.6,8.6000003,yoplait,1,35,0
20,0,0,0,0,10.8,4.4,5.0000001,7.9000004,dannon,1,35,0
20,0,0,1,0,7,8.8,3.0999999,8.6000003,yoplait,1,35,0
20,0,0,1,0,7,8.8,3.0999999,8.6000003,yoplait,1,35,0
20,0,0,0,0,10.8,8.1,5.0000001,7.9000004,yoplait,1,35,0
20,0,0,0,0,10.8,8.6000003,5.0000001,7.9000004,yoplait,1,35,0
20,0,0,0,0,11.2,8.6000003,3.9000001,8.6000003,yoplait,1,35,0
20,0,0,0,0,2.5,8.6000003,5.7999998,7.9000004,yoplait,1,35,0
20,0,0,0,0,10.8,8.6000003,5.7999998,7.9000004,yoplait,1,35,0
20,0,0,0,0,11.5,8.6000003,3.0999999,7.9000004,hiland,1,35,0
20,0,0,0,0,6.7000002,8.6000003,5.6000002,4.4,yoplait,1,35,0
20,0,0,0,0,11.2,8.6000003,5.4000001,7.9000004,hiland,1,35,0
20,0,0,0,0,11.2,8.6000003,5.4000001,7.9000004,hiland,1,35,0
20,0,0,0,0,11.2,8.6000003,5.4000001,7.9000004,hiland,1,35,0
20,0,0,0,0,10.8,8.6000003,5.6000002,6.3000001,yoplait,1,35,0
20,0,0,0,0,5.7999998,8.6000003,5.6000002,6.3000001,yoplait,1,35,0
20,0,0,0,0,10.8,8.6000003,5.6000002,6.3000001,yoplait,1,35,0
21,1,0,0,0,10.8,8.6000003,5.4000001,7.9000004,dannon,1,26,0
21,0,0,1,0,13.2,8.6000003,2.5,7.9000004,hiland,1,26,0
21,0,0,0,0,10.8,8.6000003,2.5,7.9000004,weight,1,26,0
21,0,0,0,0,10.8,8.6000003,2.5,7.9000004,weight,1,26,0
21,0,0,0,0,12.2,8.6000003,5.4000001,7.9000004,dannon,1,26,0
21,0,0,0,0,12.2,8.6000003,5.4000001,7.9000004,dannon,1,26,0
21,0,0,0,0,12.2,8.6000003,5.4000001,8.3999999,yoplait,1,26,0
21,0,1,0,0,12.2,6.3000001,5.4000001,8.6000003,weight,1,26,0
21,0,0,0,1,11.8,8.6000003,5.6000002,6.3000001,weight,1,26,0
21,0,0,0,1,11.8,8.6000003,5.6000002,6.3000001,weight,1,26,0
21,0,0,0,0,11.5,8.6000003,6.1000001,6.3000001,yoplait,1,26,0
21,0,1,0,0,11.5,6.3000001,6.1000001,7.9000004,yoplait,1,26,0
21,0,1,0,0,11.5,6.3000001,6.1000001,7.9000004,yoplait,1,26,0
21,0,1,0,0,11.5,6.3000001,6.1000001,7.9000004,yoplait,1,26,0
21,0,0,0,0,11.5,8.6000003,4.6,7.9000004,weight,1,26,0
21,0,0,0,0,11.5,8.6000003,4.6,7.9000004,weight,1,26,0
21,1,0,0,0,8.2999997,8.6000003,6.1000001,4.3000001,yoplait,1,26,0
21,1,0,0,0,8.2999997,8.6000003,6.1000001,4.3000001,yoplait,1,26,0
21,0,0,0,1,4.5000002,5.2999999,6.1000001,6.3000001,weight,1,26,0
22,0,0,0,0,11.5,5.7,5.0000001,8.6000003,yoplait,0,66,0
22,0,0,0,0,11.5,8.1,5.0000001,8.6000003,yoplait,0,66,0
22,0,0,0,0,1.5,8.1,5.0000001,8.6000003,yoplait,0,66,0
22,0,0,0,0,11.5,8.1,5.0000001,8.1,yoplait,0,66,0
22,0,0,0,0,12.2,8.6000003,5.0000001,8.6000003,yoplait,0,66,0
22,0,1,0,0,11.5,6.3000001,6.1000001,7.9000004,yoplait,0,66,0
22,0,0,0,0,12.2,8.6000003,5.0000001,8.6000003,yoplait,0,66,0
23,0,0,0,0,10.3,7.4000001,6.1000001,8.1,dannon,1,31,1
23,0,0,0,0,12.5,7.4000001,6.1000001,8.1,dannon,1,31,1
23,0,0,0,0,12.5,7.4000001,6.1000001,8.1,dannon,1,31,1
23,0,0,0,0,12.5,8.1,6.1000001,8.1,dannon,1,31,1
23,0,0,0,0,12.5,8.1,6.1000001,8.1,dannon,1,31,1
23,0,0,0,0,10.3,8.1,6.6,7.9000004,dannon,1,31,1
23,0,0,0,0,10.3,8.1,6.6,7.9000004,dannon,1,31,1
23,0,0,0,0,10.8,8.1,6.1000001,7.9000004,dannon,1,31,1
23,0,0,0,0,10.8,8.1,6.1000001,7.9000004,dannon,1,31,1
23,0,0,0,0,10.3,8.1,6.6,7.9000004,dannon,1,31,1
23,0,0,0,0,10.3,8.1,4.8999999,7.9000004,dannon,1,31,1
23,0,0,0,0,10.3,8.1,4.8999999,7.9000004,dannon,1,31,1
23,0,0,0,0,10.3,8.1,4.8999999,7.9000004,dannon,1,31,1
23,0,0,0,0,10.3,8.1,4.8999999,7.9000004,dannon,1,31,1
23,0,0,0,0,11.5,8.1,4.8999999,7.9000004,dannon,1,31,1
23,0,0,0,0,11.5,8.1,4.8999999,7.9000004,dannon,1,31,1
23,0,0,0,0,11.5,8.1,4.8999999,7.9000004,dannon,1,31,1
23,0,0,0,0,11.5,8.1,4.8999999,7.9000004,dannon,1,31,1
23,0,0,0,0,11.5,8.6000003,4.8999999,7.9000004,yoplait,1,31,1
23,1,0,0,0,11.5,8.6000003,5.4000001,7.9000004,yoplait,1,31,1
23,1,0,0,0,11.5,8.6000003,5.4000001,7.9000004,yoplait,1,31,1
23,1,0,0,0,4.1999999,9.2,6.3000001,10.4,yoplait,1,31,1
23,0,0,0,0,10.8,8.6000003,5.4000001,7.9000004,dannon,1,31,1
23,0,0,0,0,10.8,8.6000003,5.4000001,7.9000004,yoplait,1,31,1
23,0,0,1,0,10.8,8.6000003,2.5,7.9000004,dannon,1,31,1
23,0,0,0,0,12.2,8.6000003,6.1000001,8.6000003,yoplait,1,31,1
23,0,0,0,0,2.2,8.6000003,6.1000001,8.6000003,yoplait,1,31,1
23,0,0,0,0,12.2,8.6000003,6.1000001,8.6000003,yoplait,1,31,1
23,0,0,0,0,12.2,8.6000003,6.1000001,8.6000003,dannon,1,31,1
23,0,0,0,0,12.2,8.6000003,6.1000001,8.6000003,dannon,1,31,1
23,0,0,0,1,11.5,8.6000003,6.1000001,6.3000001,dannon,1,31,1
23,0,0,1,0,11.5,8.6000003,6.1000001,7.9000004,yoplait,1,31,1
23,0,0,0,0,11.5,8.6000003,6.1000001,7.9000004,dannon,1,31,1
23,0,0,0,0,12.2,8.6000003,6.1000001,8.6000003,dannon,1,31,1
23,0,0,0,0,12.2,8.6000003,6.1000001,8.6000003,dannon,1,31,1
23,0,0,0,0,12.2,8.6000003,6.1000001,8.6000003,dannon,1,31,1
23,0,0,0,0,5.7999998,6.3000001,6.1000001,6.3000001,weight,1,31,1
23,0,0,0,0,5.5,6.3000001,6.1000001,6.3000001,dannon,1,31,1
23,0,0,0,0,5.5,6.3000001,6.1000001,6.3000001,dannon,1,31,1
23,0,0,0,0,12.2,8.6000003,6.1000001,8.6000003,dannon,1,31,1
23,0,0,0,0,12.2,8.6000003,6.1000001,8.6000003,dannon,1,31,1
23,0,0,0,0,12.2,8.6000003,6.1000001,8.6000003,dannon,1,31,1
23,0,0,0,0,12.2,8.6000003,6.1000001,8.6000003,dannon,1,31,1
24,0,0,0,0,11,7.4000001,6.1000001,7.9000004,dannon,0,22,1
24,0,0,0,0,11,8.1,6.1000001,7.9000004,dannon,0,22,1
24,0,1,0,0,11,8.1,6.1000001,7.9000004,dannon,0,22,1
24,0,0,0,0,10.3,8.1,4.8999999,7.9000004,dannon,0,22,1
24,0,0,0,0,10.3,9.7999997,4.8999999,7.9000004,yoplait,0,22,1
24,0,1,0,0,10.8,8.1,5.0000001,8.6000003,dannon,0,22,1
24,0,0,0,0,11.5,8.1,5.0000001,8.6000003,dannon,0,22,1
25,0,0,0,0,5.5,8.6000003,5.4000001,7.9000004,yoplait,1,17,1
25,0,0,0,0,5.5,8.6000003,5.4000001,7.9000004,yoplait,1,17,1
25,0,0,0,0,10.8,8.6000003,5.4000001,7.9000004,yoplait,1,17,1
25,0,0,0,0,4.1999999,8.6000003,5.4000001,7.9000004,yoplait,1,17,1
25,0,0,0,0,5.6000002,8.6000003,5.4000001,7.9000004,hiland,1,17,1
25,0,0,0,0,5.6000002,8.6000003,5.4000001,7.9000004,hiland,1,17,1
25,0,0,0,0,5.6000002,8.6000003,5.4000001,7.9000004,hiland,1,17,1
25,0,0,0,0,5.5,8.6000003,5.4000001,7.9000004,yoplait,1,17,1
25,0,0,0,0,8.2999997,8.6000003,5.4000001,7.9000004,hiland,1,17,1
25,0,0,0,0,8.2999997,8.6000003,5.4000001,7.9000004,hiland,1,17,1
25,1,0,0,0,8.2999997,8.6000003,5.4000001,7.9000004,yoplait,1,17,1
25,1,0,0,0,8.2999997,8.6000003,5.4000001,7.9000004,yoplait,1,17,1
25,0,0,1,0,13.2,8.6000003,2.5,7.9000004,hiland,1,17,1
25,0,0,1,0,13.2,8.6000003,2.5,7.9000004,hiland,1,17,1
25,0,0,1,0,13.2,8.6000003,2.5,7.9000004,hiland,1,17,1
25,1,0,0,0,8.2999997,8.6000003,5.4000001,7.9000004,yoplait,1,17,1
25,1,0,0,0,8.2999997,8.6000003,5.4000001,7.9000004,yoplait,1,17,1
25,1,0,0,0,8.2999997,8.6000003,5.4000001,7.9000004,yoplait,1,17,1
25,0,0,0,0,5.5,6.3000001,6.1000001,6.3000001,dannon,1,17,1
25,0,0,0,0,5.5,6.3000001,6.1000001,6.3000001,dannon,1,17,1
26,0,1,0,0,10.3,6.1000001,4.8999999,7.9000004,dannon,1,23,1
26,1,0,0,0,11.5,8.6000003,5.4000001,7.9000004,dannon,1,23,1
26,1,0,0,0,0.80000004,8.6000003,5.4000001,7.9000004,yoplait,1,23,1
26,0,0,0,0,5.5,8.6000003,5.4000001,7.9000004,yoplait,1,23,1
26,0,0,0,0,9.0000004,8.6000003,5.4000001,7.9000004,dannon,1,23,1
26,0,0,0,0,8.2999997,8.6000003,5.4000001,7.9000004,yoplait,1,23,1
27,0,0,0,0,10.8,6.1000001,5.0000001,7.9000004,dannon,1,61,0
27,0,0,0,0,10.8,6.1000001,5.0000001,7.9000004,dannon,1,61,0
27,0,1,0,0,10.8,4.8999999,5.0000001,7.9000004,dannon,1,61,0
27,0,0,0,0,10.8,4.8999999,5.0000001,7.9000004,dannon,1,61,0
27,0,0,0,0,10.8,6.1000001,5.0000001,7.9000004,dannon,1,61,0
27,0,0,0,0,10.3,8.1,6.6,7.9000004,dannon,1,61,0
27,0,0,0,0,10.3,8.1,6.6,7.9000004,dannon,1,61,0
27,0,0,0,0,10.3,8.1,6.6,7.9000004,dannon,1,61,0
27,0,1,0,0,10.8,4.8999999,5.0000001,3.2000002,dannon,1,61,0
27,0,0,0,0,10.8,6.1000001,5.0000001,7.9000004,dannon,1,61,0
27,0,0,0,0,10.3,8.1,6.6,7.9000004,dannon,1,61,0
27,0,0,0,0,10.3,8.1,4.8999999,7.9000004,dannon,1,61,0
27,0,0,0,0,10.3,8.1,4.8999999,7.9000004,dannon,1,61,0
27,0,0,0,0,10.8,8.1,5.0000001,7.9000004,dannon,1,61,0
27,0,0,0,0,10.3,8.1,4.8999999,7.9000004,dannon,1,61,0
27,0,0,0,0,10.3,8.1,4.8999999,7.9000004,dannon,1,61,0
27,0,0,0,0,10.3,8.1,4.8999999,7.9000004,dannon,1,61,0
27,0,0,0,0,10.8,8.1,5.0000001,7.9000004,dannon,1,61,0
27,0,1,0,0,10.8,9.8999999,5.0000001,7.9000004,dannon,1,61,0
28,0,0,0,0,10.3,8.1,4.8999999,7.9000004,dannon,1,60,0
28,0,0,0,0,10.3,8.1,4.8999999,7.9000004,dannon,1,60,0
28,0,0,0,0,10.3,8.1,4.8999999,7.9000004,dannon,1,60,0
28,0,0,0,0,11.5,8.1,4.8999999,7.9000004,dannon,1,60,0
28,0,0,0,0,11.5,8.1,4.8999999,7.9000004,dannon,1,60,0
28,0,0,0,0,11.5,8.1,4.8999999,7.9000004,dannon,1,60,0
28,0,0,0,0,11.5,8.1,4.8999999,7.9000004,dannon,1,60,0
28,0,0,0,0,11.5,8.1,4.8999999,7.9000004,dannon,1,60,0
28,0,0,0,0,10.8,6.1000001,4.8999999,7.9000004,dannon,1,60,0
28,0,0,0,0,10.8,6.1000001,4.8999999,7.9000004,dannon,1,60,0
28,0,0,0,0,12.2,8.6000003,5.4000001,7.9000004,dannon,1,60,0
29,0,1,0,0,11.7,8.1,6.6,7.9000004,dannon,1,57,0
29,0,0,0,0,10.8,8.1,5.0000001,7.9000004,dannon,1,57,0
29,0,0,0,0,11,8.1,6.6,7.9000004,dannon,1,57,0
29,0,0,0,0,11,8.1,6.6,7.9000004,dannon,1,57,0
29,0,0,0,0,11.2,8.1,6.6,7.9000004,dannon,1,57,0
29,0,0,0,0,11.2,8.1,6.6,7.9000004,dannon,1,57,0
29,0,0,0,0,11.5,8.6000003,6.6,8.6000003,dannon,1,57,0
29,0,0,0,0,11.5,8.6000003,6.6,8.6000003,dannon,1,57,0
29,0,0,0,0,11.5,8.6000003,5.9,8.6000003,dannon,1,57,0
29,0,0,0,0,11.5,8.6000003,5.4000001,7.9000004,dannon,1,57,0
29,0,0,0,0,11.5,8.6000003,2.5,7.9000004,dannon,1,57,0
29,0,0,0,0,11.5,8.6000003,2.5,7.9000004,dannon,1,57,0
29,0,0,0,0,11.2,8.6000003,5.4000001,7.9000004,dannon,1,57,0
30,0,0,0,0,10.3,7.4000001,6.1000001,8.1,dannon,0,20,1
30,0,0,0,0,10.3,8.1,6.6,7.9000004,dannon,0,20,1
30,0,0,0,0,10.3,8.1,6.6,7.9000004,dannon,0,20,1
30,0,0,0,0,10.3,8.1,6.6,7.9000004,dannon,0,20,1
30,0,0,0,0,10.3,8.1,4.8999999,7.9000004,dannon,0,20,1
30,0,0,0,0,10.3,8.1,4.8999999,7.9000004,weight,0,20,1
30,0,0,0,0,10.8,8.1,5.0000001,7.9000004,weight,0,20,1
30,0,0,0,0,11,8.1,6.1000001,8.1,hiland,0,20,1
30,0,0,0,0,10.9,8.1,4.8999999,7.9000004,weight,0,20,1
30,0,0,0,0,10.9,8.1,4.8999999,7.9000004,weight,0,20,1
30,1,0,0,0,8.2999997,8.6000003,5.4000001,7.9000004,yoplait,0,20,1
30,0,0,0,0,10.8,8.6000003,2.5,7.9000004,yoplait,0,20,1
30,1,0,0,0,10.8,8.6000003,5.4000001,7.9000004,weight,0,20,1
31,0,0,0,0,12.2,8.6000003,5.0000001,8.6000003,yoplait,1,28,0
31,0,0,0,0,12.2,8.6000003,5.0000001,8.6000003,yoplait,1,28,0
31,0,0,0,0,12.2,8.6000003,5.0000001,8.6000003,yoplait,1,28,0
31,0,0,0,0,12.2,8.6000003,5.0000001,8.6000003,yoplait,1,28,0
31,0,0,0,0,12.2,8.6000003,5.0000001,8.6000003,yoplait,1,28,0
31,0,0,0,0,12.2,8.6000003,5.0000001,8.6000003,yoplait,1,28,0
31,0,0,0,0,5.5,8.6000003,5.0000001,8.6000003,yoplait,1,28,0
31,0,0,0,0,5.5,8.6000003,5.0000001,8.6000003,yoplait,1,28,0
31,0,0,0,0,5.5,8.6000003,5.0000001,8.6000003,yoplait,1,28,0
31,0,0,0,0,5.5,8.6000003,5.0000001,8.6000003,yoplait,1,28,0
31,1,0,0,0,9.2,8.6000003,5.0000001,7.5999998,yoplait,1,28,0
31,0,0,0,0,12.2,8.6000003,5.0000001,8.6000003,yoplait,1,28,0
31,0,1,0,0,12.2,6.3000001,5.4000001,8.6000003,yoplait,1,28,0
31,0,1,0,0,12.2,6.3000001,5.4000001,8.6000003,yoplait,1,28,0
31,0,0,0,0,8.2999997,8.6000003,6.1000001,6.3000001,yoplait,1,28,0
31,0,0,0,0,8.2999997,8.6000003,6.1000001,6.3000001,yoplait,1,28,0
31,0,0,0,0,12.2,8.6000003,5.0000001,8.6000003,yoplait,1,28,0
31,0,1,0,0,11.5,6.3000001,6.1000001,7.9000004,yoplait,1,28,0
31,0,1,0,0,11.5,6.3000001,6.1000001,7.9000004,yoplait,1,28,0
31,0,0,1,0,11.5,6.3000001,6.1000001,4.4,yoplait,1,28,0
31,0,0,1,0,11.5,6.3000001,6.1000001,4.4,yoplait,1,28,0
31,0,0,1,0,11.5,6.3000001,6.1000001,4.4,yoplait,1,28,0
31,0,0,0,0,12.2,8.6000003,5.0000001,8.6000003,yoplait,1,28,0
31,0,0,0,0,12.2,8.6000003,5.0000001,8.6000003,yoplait,1,28,0
31,0,0,0,0,11.5,8.6000003,5.5,7.9000004,yoplait,1,28,0
31,0,0,0,0,11.5,8.6000003,4.6,7.9000004,yoplait,1,28,0
31,0,0,0,0,11.5,8.6000003,4.6,7.9000004,yoplait,1,28,0
31,0,0,0,0,12.2,8.6000003,5.0000001,8.6000003,yoplait,1,28,0
31,0,0,0,0,12.2,8.6000003,5.0000001,8.6000003,yoplait,1,28,0
31,0,0,0,0,12.2,8.6000003,5.0000001,8.6000003,yoplait,1,28,0
31,0,0,0,0,12.2,8.6000003,5.0000001,8.6000003,yoplait,1,28,0
32,0,0,0,0,10.8,8.6000003,5.0000001,8.6000003,yoplait,0,34,1
32,1,0,0,0,11.5,8.6000003,5.4000001,7.9000004,yoplait,0,34,1
32,0,0,0,0,11.5,8.6000003,5.4000001,7.9000004,dannon,0,34,1
32,0,0,0,0,11.5,8.6000003,5.4000001,7.9000004,yoplait,0,34,1
32,0,0,0,0,10.8,8.6000003,5.4000001,7.9000004,yoplait,0,34,1
32,0,0,0,0,10.8,8.6000003,5.4000001,7.9000004,dannon,0,34,1
32,0,0,0,0,10.8,8.6000003,5.4000001,7.9000004,yoplait,0,34,1
32,0,0,0,0,10.8,8.6000003,5.4000001,7.9000004,yoplait,0,34,1
32,0,0,0,0,10.8,8.6000003,5.4000001,7.9000004,yoplait,0,34,1
32,0,0,0,0,10.8,8.6000003,5.4000001,7.9000004,yoplait,0,34,1
32,0,0,0,0,10.8,8.6000003,5.4000001,7.9000004,yoplait,0,34,1
33,0,0,0,0,13.3,7.4000001,6.4000003,8.2000002,dannon,0,34,0
33,0,0,0,0,12.800001,7.4000001,6.1000001,8.1,dannon,0,34,0
33,0,0,0,0,10.7,7.4000001,6.1999999,7.9999998,dannon,0,34,0
33,0,1,0,0,10.8,4.8999999,5.0000001,7.9000004,dannon,0,34,0
33,0,0,0,0,10.8,8.1,6.6,7.9000004,dannon,0,34,0
33,0,0,0,0,10.8,8.1,6.6,7.9000004,dannon,0,34,0
33,0,1,0,0,11.3,8.1,8.6000003,7.9000004,dannon,0,34,0
33,0,0,0,0,10.8,8.1,6.6,7.9000004,dannon,0,34,0
33,0,1,0,0,11.3,8.1,8.6000003,7.9000004,dannon,0,34,0
33,0,0,0,0,10.8,8.1,6.6,7.9000004,dannon,0,34,0
33,0,0,0,0,10.8,8.1,6.6,7.9000004,dannon,0,34,0
33,0,0,0,0,10.8,8.1,6.6,7.9000004,dannon,0,34,0
33,0,0,0,0,10.8,8.1,6.1000001,7.9000004,dannon,0,34,0
33,0,0,0,0,10.8,8.1,6.4000003,7.5000003,dannon,0,34,0
33,0,0,0,0,10.7,8.1,6.4999998,7.9999998,dannon,0,34,0
33,0,0,0,0,10.8,8.1,6.1000001,7.9000004,dannon,0,34,0
33,0,0,0,0,10.8,8.1,6.1000001,7.9000004,dannon,0,34,0
33,0,0,0,0,10.8,8.1,6.1000001,7.9000004,dannon,0,34,0
33,0,0,0,0,10.8,8.1,6.6,7.9000004,dannon,0,34,0
33,0,0,0,0,10.8,8.1,6.1000001,7.9000004,dannon,0,34,0
33,0,0,0,0,10.8,8.1,6.1000001,7.9000004,dannon,0,34,0
33,0,0,0,0,10.8,8.1,6.6,7.9000004,dannon,0,34,0
33,0,0,0,1,10.8,8.1,6.1000001,7.5000003,dannon,0,34,0
33,0,0,0,1,10.8,8.1,6.1000001,7.5000003,dannon,0,34,0
33,0,0,0,1,10.8,8.1,6.1000001,7.4000001,dannon,0,34,0
33,0,0,0,0,10.8,8.1,6.1000001,8.5000001,dannon,0,34,0
33,0,0,0,0,10.8,8.1,6.1000001,8.5000001,dannon,0,34,0
33,0,0,0,0,10.8,8.1,6.1000001,8.5000001,dannon,0,34,0
33,0,0,1,0,11,8.1,4.1999999,7.9000004,dannon,0,34,0
33,0,0,0,0,10.8,8.1,6.1000001,8.6000003,dannon,0,34,0
33,0,0,0,0,10.8,8.1,6.1000001,8.6000003,dannon,0,34,0
33,0,0,0,0,11.5,8.1,6.1000001,8.6000003,dannon,0,34,0
33,0,0,0,0,10.8,6.8999998,6.1000001,8.6000003,dannon,0,34,0
33,0,0,0,0,10.8,6.8999998,6.1000001,8.6000003,dannon,0,34,0
33,0,0,0,0,10.8,6.8999998,6.1000001,8.6000003,dannon,0,34,0
33,0,0,0,0,11.5,4.1000001,6.6,8.6000003,dannon,0,34,0
33,0,0,0,0,10.8,8.1,6.6,8.6000003,dannon,0,34,0
33,0,0,0,0,10.8,4.1000001,6.6,8.6000003,dannon,0,34,0
33,0,0,0,0,10.3,8.1,6.1000001,7.9000004,dannon,0,34,0
33,0,0,0,0,10.8,8.1,6.1000001,8.6000003,dannon,0,34,0
33,0,0,0,0,10.8,8.1,6.1000001,8.6000003,dannon,0,34,0
33,0,0,0,0,10.8,8.1,6.1000001,8.6000003,dannon,0,34,0
33,0,0,0,0,11.5,8.1,6.1000001,8.6000003,dannon,0,34,0
33,0,0,0,0,11.5,8.1,6.1000001,8.6000003,dannon,0,34,0
33,0,0,0,0,11,8.1,6.7000002,8.6999997,dannon,0,34,0
33,0,0,0,0,10.8,8.1,6.1000001,8.3999999,dannon,0,34,0
33,0,0,0,0,10.8,8.1,6.1000001,8.3999999,dannon,0,34,0
33,0,0,0,0,11.5,8.1,6.1000001,8.1,dannon,0,34,0
33,0,0,0,0,11.5,8.1,6.6,8.1,dannon,0,34,0
33,0,0,0,0,10.8,8.1,6.1000001,8.1,dannon,0,34,0
33,0,0,0,0,10.8,8.1,6.1000001,8.1,dannon,0,34,0
33,0,0,0,0,10.8,8.1,6.1000001,8.1,dannon,0,34,0
33,0,0,0,0,10.8,8.1,6.1000001,8.1,dannon,0,34,0
33,0,0,0,0,11.5,8.1,6.1000001,8.1,dannon,0,34,0
33,0,0,0,0,11.5,8.1,6.1000001,8.1,dannon,0,34,0
33,0,0,0,0,11.5,8.1,6.1000001,8.1,dannon,0,34,0
33,0,0,0,0,11.5,8.1,6.1000001,8.1,dannon,0,34,0
33,0,0,0,0,10.8,8.1,6.1000001,8.1,dannon,0,34,0
33,0,0,0,0,10.8,8.1,6.1000001,8.1,dannon,0,34,0
33,0,0,0,0,11.5,8.1,6.1000001,8.1,dannon,0,34,0
33,0,0,0,0,12.5,8.1,4.8999999,7.9000004,dannon,0,34,0
33,0,0,0,0,10.8,8.1,6.1000001,8.1,dannon,0,34,0
33,0,0,0,0,10.8,8.1,6.1000001,8.6000003,dannon,0,34,0
33,0,0,0,0,10.8,8.1,6.1000001,8.6000003,dannon,0,34,0
33,0,0,0,0,10.8,8.1,6.1000001,8.6000003,dannon,0,34,0
33,0,0,0,0,10.8,7.4000001,5.0000001,7.9000004,dannon,0,34,0
33,0,0,0,0,10.8,8.1,6.1000001,8.1,dannon,0,34,0
33,0,0,0,0,10.8,8.1,6.1000001,8.1,dannon,0,34,0
33,0,0,0,0,10.8,8.1,6.1000001,8.1,dannon,0,34,0
33,0,0,0,0,11.5,8.1,6.1000001,8.1,dannon,0,34,0
33,0,0,0,0,11.5,8.1,6.1000001,8.1,dannon,0,34,0
33,0,0,0,0,10.8,8.1,6.1000001,8.1,dannon,0,34,0
33,0,0,0,0,10.8,8.1,6.6,8.1,dannon,0,34,0
33,0,0,0,0,10.8,8.1,6.6,8.1,dannon,0,34,0
33,0,0,0,0,10.8,8.1,6.1000001,8.1,dannon,0,34,0
33,0,0,0,0,10.8,8.1,6.1000001,8.1,dannon,0,34,0
33,0,0,0,0,10.8,8.1,6.1000001,8.1,dannon,0,34,0
33,0,0,0,0,10.8,8.1,6.1000001,8.1,dannon,0,34,0
33,0,0,0,0,10.8,8.1,6.1000001,8.1,dannon,0,34,0
33,0,0,0,0,10.8,8.1,6.1000001,8.1,dannon,0,34,0
33,0,0,0,0,10.8,8.1,6.1000001,8.1,dannon,0,34,0
33,0,0,0,0,10.8,8.1,6.1000001,8.1,dannon,0,34,0
33,0,0,0,0,10.8,8.1,6.1000001,8.6000003,dannon,0,34,0
33,0,0,0,0,10.8,8.1,6.1000001,8.6000003,dannon,0,34,0
33,0,0,0,0,10.8,8.1,6.1000001,8.6000003,dannon,0,34,0
33,0,0,0,0,10.8,8.1,6.1000001,8.1,dannon,0,34,0
33,0,0,0,0,10.8,8.1,6.1000001,8.1,dannon,0,34,0
33,0,0,0,0,10.8,8.1,6.1000001,8.1,dannon,0,34,0
33,0,0,0,0,10.8,8.1,6.1000001,8.1,dannon,0,34,0
33,0,0,0,0,11.2,8.6000003,6.1000001,8.2999997,dannon,0,34,0
33,0,0,0,0,11.2,8.6000003,6.1000001,8.2999997,dannon,0,34,0
33,0,0,0,0,11.6,8.6000003,5.0000001,8.3999999,dannon,0,34,0
33,0,0,0,0,11.2,8.6000003,6.1000001,8.2999997,dannon,0,34,0
33,0,0,0,0,11,8.1,5.4000001,8.3999999,dannon,0,34,0
33,0,0,0,0,12.2,8.1,6.1000001,8.6000003,dannon,0,34,0
33,0,0,0,0,12.2,8.1,6.1000001,8.6000003,dannon,0,34,0
33,0,0,0,0,12.2,8.6000003,6.1000001,8.6000003,dannon,0,34,0
33,0,0,0,0,12.2,8.1,6.1000001,8.6000003,dannon,0,34,0
33,0,0,0,0,12.2,8.6000003,6.1000001,8.6000003,dannon,0,34,0
33,0,0,0,0,12.2,8.6000003,6.1000001,8.6000003,dannon,0,34,0
33,0,0,0,0,12.2,8.6000003,6.1000001,8.6000003,dannon,0,34,0
33,0,0,0,0,12.2,8.6000003,6.1000001,8.6000003,dannon,0,34,0
33,0,0,0,0,12.2,8.6000003,6.1000001,8.6000003,dannon,0,34,0
33,0,0,0,0,12.2,8.6000003,6.1000001,8.6000003,dannon,0,34,0
33,0,0,0,0,12.2,8.6000003,6.1000001,8.6000003,dannon,0,34,0
33,0,0,0,0,12.2,8.6000003,6.1000001,8.6000003,dannon,0,34,0
33,0,0,0,0,12.2,8.1,6.1000001,8.6000003,dannon,0,34,0
33,0,0,0,0,12.2,8.6000003,6.1000001,8.6000003,dannon,0,34,0
33,0,0,0,0,12.2,8.6000003,6.1000001,9.2,dannon,0,34,0
33,0,0,0,0,12.2,8.6000003,6.1000001,8.6000003,dannon,0,34,0
33,0,0,0,0,12.2,8.6000003,6.1000001,8.6000003,dannon,0,34,0
33,0,0,0,0,12.2,8.6000003,6.1000001,8.6000003,dannon,0,34,0
33,0,0,0,0,12.2,8.6000003,6.1000001,8.6000003,dannon,0,34,0
33,0,0,0,0,12.2,8.6000003,6.1000001,8.6000003,dannon,0,34,0
33,0,0,0,0,12.2,8.6000003,6.1000001,8.6000003,dannon,0,34,0
33,0,0,0,0,12.2,8.6000003,6.1000001,8.6000003,dannon,0,34,0
33,0,0,0,0,12.2,8.1,6.1000001,8.6000003,dannon,0,34,0
33,1,0,0,0,9.0999998,8.6000003,6.1000001,8.6000003,dannon,0,34,0
33,0,0,0,1,12.2,8.6000003,6.1000001,6.8000004,dannon,0,34,0
33,0,0,0,1,12.2,8.6000003,6.1000001,6.8000004,dannon,0,34,0
33,1,0,0,0,12.5,8.1,6.1000001,7.4000001,dannon,0,34,0
33,0,0,0,0,12.2,8.6000003,6.1000001,8.6000003,dannon,0,34,0
33,1,0,0,0,12.2,8.6000003,6.1000001,8.6000003,dannon,0,34,0
33,0,0,0,0,12.2,8.6000003,6.1000001,8.6000003,dannon,0,34,0
33,0,0,0,0,12.2,8.6000003,6.1000001,8.6000003,dannon,0,34,0
33,0,0,0,0,12.2,8.6000003,6.1000001,8.6000003,dannon,0,34,0
33,0,0,0,0,12.2,8.6000003,6.1000001,8.6000003,dannon,0,34,0
33,0,0,0,0,12.2,8.6000003,6.1000001,8.6000003,dannon,0,34,0
33,0,0,0,0,12.2,8.6000003,6.1000001,8.6000003,dannon,0,34,0
33,0,0,0,0,12.2,8.6000003,6.1000001,8.6000003,dannon,0,34,0
33,0,0,0,0,12.2,8.6000003,6.1000001,8.6000003,dannon,0,34,0
33,0,0,0,0,12.2,8.6000003,6.1000001,8.6000003,dannon,0,34,0
33,0,0,0,0,12.2,8.6000003,6.1000001,8.6000003,dannon,0,34,0
33,0,0,0,0,12.2,8.1,6.1000001,8.6000003,dannon,0,34,0
33,0,0,0,0,12.2,8.6000003,6.1000001,8.6000003,dannon,0,34,0
33,0,0,0,0,12.2,8.6000003,6.1000001,8.6000003,dannon,0,34,0
33,0,0,0,0,12.2,8.6000003,6.1000001,8.6000003,dannon,0,34,0
33,0,0,0,0,12.2,8.6000003,6.1000001,8.6000003,dannon,0,34,0
33,0,0,0,0,12.2,8.6000003,6.1000001,8.6000003,dannon,0,34,0
33,0,0,0,0,12.2,5.5,6.1000001,8.6000003,dannon,0,34,0
33,0,0,0,0,12.2,8.6000003,6.1000001,8.6000003,dannon,0,34,0
33,0,0,0,0,12.2,8.6000003,6.1000001,8.6000003,dannon,0,34,0
33,0,0,0,0,12.2,8.6000003,6.1000001,8.6000003,dannon,0,34,0
33,0,0,0,0,12.2,8.6000003,6.1000001,8.6000003,dannon,0,34,0
33,0,0,0,0,12.2,8.6000003,6.1000001,8.6000003,dannon,0,34,0
33,0,0,0,0,12.2,8.6000003,6.1000001,8.6000003,dannon,0,34,0
33,0,0,0,0,12.2,8.6000003,6.1000001,8.6000003,dannon,0,34,0
33,0,0,0,0,12.2,8.6000003,6.1000001,8.6000003,dannon,0,34,0
33,0,0,0,0,12.2,8.6000003,6.1000001,8.6000003,dannon,0,34,0
33,0,0,0,0,12.2,8.6000003,6.1000001,8.6000003,dannon,0,34,0
33,0,0,0,0,12.2,8.6000003,6.1000001,8.6000003,dannon,0,34,0
33,0,0,0,0,12.2,8.6000003,6.1000001,8.6000003,dannon,0,34,0
33,0,0,0,0,12.2,8.6000003,6.1000001,8.6000003,dannon,0,34,0
33,0,0,0,0,12.2,8.6000003,6.1000001,8.6000003,dannon,0,34,0
33,0,0,0,0,12.2,8.6000003,6.1000001,8.6000003,dannon,0,34,0
33,0,0,0,0,12.2,8.6000003,6.1000001,8.6000003,dannon,0,34,0
33,0,0,0,0,12.2,8.6000003,6.1000001,8.6000003,dannon,0,34,0
33,0,0,0,0,12.2,8.6000003,6.1000001,8.6000003,dannon,0,34,0
33,0,0,0,0,12.2,8.6000003,6.1000001,8.6000003,dannon,0,34,0
33,0,0,0,0,12.2,8.6000003,6.1000001,8.6000003,dannon,0,34,0
33,0,0,0,0,12.2,8.6000003,6.1000001,8.6000003,dannon,0,34,0
34,0,0,0,0,10.3,8.8,6.1000001,8.1,yoplait,0,29,0
34,0,0,0,0,10.3,9.7999997,6.6,7.9000004,yoplait,0,29,0
34,0,0,0,0,10.3,9.7999997,6.6,7.9000004,yoplait,0,29,0
34,0,0,0,0,10.3,8.1,5.2999999,7.9000004,yoplait,0,29,0
34,0,0,0,0,10.3,8.1,5.2999999,7.9000004,yoplait,0,29,0
34,0,0,0,0,10.3,8.1,4.8999999,7.9000004,yoplait,0,29,0
34,0,0,0,0,10.3,8.1,4.8999999,7.9000004,yoplait,0,29,0
34,0,0,0,0,10.3,8.1,4.8999999,7.9000004,yoplait,0,29,0
34,0,0,0,0,11.5,9.7999997,6.1000001,8.6000003,yoplait,0,29,0
34,0,0,0,0,10.3,8.1,4.8999999,7.9000004,yoplait,0,29,0
34,0,0,0,0,10.3,8.1,4.8999999,7.9000004,yoplait,0,29,0
34,0,0,0,0,10.3,8.1,4.8999999,7.9000004,yoplait,0,29,0
34,0,0,0,0,10.3,8.1,4.8999999,7.9000004,yoplait,0,29,0
34,0,0,0,0,10.8,9.7999997,6.1000001,8.3999999,yoplait,0,29,0
34,0,0,0,0,6.1999999,8.1,4.8999999,7.9000004,yoplait,0,29,0
34,0,0,0,0,10.8,9.7999997,6.1000001,8.1,yoplait,0,29,0
34,0,0,0,0,5.2999999,8.1,4.8999999,7.9000004,yoplait,0,29,0
34,0,0,0,0,10.3,8.1,4.8999999,7.9000004,yoplait,0,29,0
34,0,0,0,0,10.3,8.1,4.8999999,7.9000004,yoplait,0,29,0
34,0,0,0,0,10.3,8.1,4.8999999,7.9000004,yoplait,0,29,0
34,0,0,0,0,10.3,8.1,4.8999999,7.9000004,yoplait,0,29,0
34,0,0,0,0,10.3,8.1,4.8999999,7.9000004,yoplait,0,29,0
34,0,0,0,0,10.8,9.7999997,6.1000001,8.1,yoplait,0,29,0
34,0,0,0,0,10.3,8.1,4.8999999,7.9000004,yoplait,0,29,0
34,0,0,0,0,10.8,8.1,4.8999999,7.9000004,yoplait,0,29,0
34,0,0,0,0,11.5,8.1,4.8999999,7.9000004,yoplait,0,29,0
34,0,0,0,0,11.5,8.1,4.8999999,7.9000004,yoplait,0,29,0
34,0,0,0,0,11.5,8.1,4.8999999,7.9000004,yoplait,0,29,0
34,0,0,0,0,11.5,8.1,4.8999999,7.9000004,yoplait,0,29,0
34,0,0,0,0,11.5,8.1,4.8999999,7.9000004,yoplait,0,29,0
34,0,0,0,0,10.8,8.1,6.1000001,8.1,yoplait,0,29,0
34,0,0,0,0,8.2000002,8.1,4.8999999,7.9000004,yoplait,0,29,0
34,0,0,0,0,11.5,8.1,4.8999999,7.9000004,yoplait,0,29,0
34,0,0,0,0,11.5,8.6000003,4.8999999,7.9000004,yoplait,0,29,0
34,0,0,0,0,11.5,8.6000003,4.8999999,7.9000004,yoplait,0,29,0
34,0,0,0,0,11.5,8.6000003,5.4000001,7.9000004,yoplait,0,29,0
34,0,0,0,0,11.5,8.6000003,4.8999999,7.9000004,yoplait,0,29,0
34,0,0,0,0,11.5,8.6000003,4.8999999,7.9000004,yoplait,0,29,0
34,0,0,0,0,12.5,8.6000003,6.1000001,8.6000003,yoplait,0,29,0
34,0,0,0,0,11.5,8.6000003,5.4000001,7.9000004,yoplait,0,29,0
34,0,0,0,0,11.5,8.6000003,5.4000001,7.9000004,yoplait,0,29,0
34,1,0,0,0,10.8,9.2,6.3000001,10.4,yoplait,0,29,0
34,1,0,0,0,10.8,9.2,6.3000001,10.4,yoplait,0,29,0
34,0,0,0,0,12.2,8.6000003,6.1000001,8.6000003,yoplait,0,29,0
34,0,0,0,0,12.2,8.6000003,6.1000001,8.6000003,yoplait,0,29,0
34,0,0,0,0,10.8,8.6000003,5.4000001,7.9000004,yoplait,0,29,0
34,0,0,0,0,10.8,8.6000003,4.8999999,7.9000004,yoplait,0,29,0
34,0,0,0,0,12.5,8.8,6.1000001,9.2,yoplait,0,29,0
34,0,0,0,0,10.8,8.6000003,5.4000001,7.9000004,yoplait,0,29,0
34,0,0,0,0,10.8,8.6000003,5.4000001,7.9000004,yoplait,0,29,0
34,0,0,0,0,10.8,8.6000003,5.4000001,7.9000004,yoplait,0,29,0
34,0,0,0,0,10.8,8.6000003,5.4000001,7.9000004,yoplait,0,29,0
34,0,0,0,0,10.8,8.6000003,5.4000001,7.9000004,yoplait,0,29,0
34,0,0,0,1,12.2,8.6000003,6.1000001,6.8000004,yoplait,0,29,0
34,0,0,0,0,10.8,8.6000003,5.4000001,7.9000004,yoplait,0,29,0
34,1,0,0,0,10.8,8.6000003,5.4000001,7.9000004,yoplait,0,29,0
34,0,0,0,0,10.8,8.6000003,5.4000001,7.9000004,yoplait,0,29,0
34,0,0,0,0,10.8,8.6000003,2.5,7.9000004,yoplait,0,29,0
34,0,0,0,0,10.8,8.6000003,5.4000001,7.9000004,yoplait,0,29,0
34,1,0,0,0,10.8,8.6000003,5.4000001,7.9000004,yoplait,0,29,0
34,0,0,0,0,10.8,8.6000003,5.4000001,7.9000004,yoplait,0,29,0
34,0,0,0,0,10.8,8.6000003,5.4000001,7.9000004,yoplait,0,29,0
34,0,0,0,0,12.2,8.6000003,5.4000001,7.9000004,yoplait,0,29,0
34,0,0,0,0,10.8,8.6000003,5.4000001,7.9000004,yoplait,0,29,0
34,0,0,0,0,12.2,8.6000003,5.4000001,8.3999999,yoplait,0,29,0
34,0,0,0,0,12.2,8.6000003,5.4000001,8.3999999,yoplait,0,29,0
34,1,0,0,0,8.2999997,8.6000003,5.4000001,8.6000003,yoplait,0,29,0
34,1,0,0,0,8.2999997,8.6000003,5.4000001,8.6000003,yoplait,0,29,0
34,0,0,0,0,8.2999997,8.6000003,5.4000001,8.5000001,yoplait,0,29,0
34,0,0,0,0,8.2999997,8.6000003,5.4000001,8.5000001,yoplait,0,29,0
34,0,1,0,0,5.5,6.3000001,5.4000001,8.6000003,yoplait,0,29,0
34,0,0,0,0,12.2,8.6000003,6.1000001,8.6000003,yoplait,0,29,0
34,0,0,0,1,11.5,8.6000003,5.5,6.3000001,yoplait,0,29,0
34,0,0,0,1,11.5,8.6000003,5.5,6.3000001,yoplait,0,29,0
34,0,0,0,1,11.5,8.6000003,6.1000001,6.3000001,yoplait,0,29,0
34,0,0,0,1,11.5,8.6000003,6.1000001,6.3000001,yoplait,0,29,0
34,0,0,0,0,11.5,8.6000003,6.1000001,6.8000004,yoplait,0,29,0
34,0,0,0,0,11.5,6.3000001,6.1000001,7.9000004,yoplait,0,29,0
34,0,0,0,0,12.2,8.6000003,6.1000001,8.6000003,yoplait,0,29,0
34,1,0,0,0,11.5,6.3000001,5.7,7.9000004,yoplait,0,29,0
34,1,0,0,0,11.5,6.3000001,5.7,7.9000004,yoplait,0,29,0
34,0,0,0,0,11.5,6.3000001,6.1000001,6.3000001,yoplait,0,29,0
34,0,0,0,0,8.2999997,6.3000001,6.1000001,6.3000001,yoplait,0,29,0
34,0,0,0,0,11.5,6.3000001,6.1000001,6.3000001,yoplait,0,29,0
35,0,0,0,0,10.3,8.1,4.8999999,7.9000004,dannon,0,40,0
35,0,0,0,0,10.3,8.1,4.8999999,7.9000004,dannon,0,40,0
35,0,0,0,0,10.3,8.1,4.8999999,7.9000004,dannon,0,40,0
35,0,0,0,0,10.3,8.1,4.8999999,7.9000004,dannon,0,40,0
35,0,0,0,0,10.3,8.1,4.8999999,7.9000004,dannon,0,40,0
35,0,0,0,0,10.8,7.4000001,5.0000001,7.9000004,dannon,0,40,0
35,0,0,0,0,10.8,8.6000003,2.5,7.9000004,dannon,0,40,0
35,1,0,0,0,8.2999997,8.6000003,5.4000001,7.9000004,yoplait,0,40,0
35,0,0,0,0,8.2999997,8.6000003,5.4000001,7.9000004,yoplait,0,40,0
35,0,0,0,0,8.2999997,8.6000003,5.4000001,7.9000004,yoplait,0,40,0
35,0,0,0,0,10.8,8.6000003,4.3000001,7.9000004,dannon,0,40,0
35,1,0,0,0,8.2999997,8.6000003,5.4000001,8.6000003,yoplait,0,40,0
35,0,0,0,0,8.2999997,8.6000003,5.4000001,8.6000003,yoplait,0,40,0
35,0,0,0,0,8.2999997,8.6000003,5.4000001,8.6000003,yoplait,0,40,0
35,0,0,0,0,12.2,6.3000001,2.5,8.6000003,dannon,0,40,0
35,0,0,0,0,12.2,6.3000001,2.5,8.6000003,dannon,0,40,0
35,0,0,0,1,8.2999997,8.6000003,5.4000001,6.3000001,dannon,0,40,0
35,0,0,0,0,12.2,8.6000003,5.0000001,8.6000003,dannon,0,40,0
35,0,0,0,0,12.2,8.6000003,5.0000001,8.6000003,dannon,0,40,0
35,0,0,0,0,12.2,8.6000003,5.0000001,8.6000003,dannon,0,40,0
36,0,0,0,0,10.3,8.8,6.1000001,8.1,dannon,0,69,0
36,0,0,0,0,10.3,8.8,6.1000001,8.1,dannon,0,69,0
36,0,0,0,0,10.3,9.2,6.1000001,8.1,dannon,0,69,0
36,0,0,0,0,10.3,9.7999997,5.0999999,7.9000004,yoplait,0,69,0
36,0,0,0,0,10.3,9.7999997,5.0999999,7.9000004,yoplait,0,69,0
36,0,0,0,0,10.3,9.7999997,4.8999999,7.9000004,yoplait,0,69,0
36,0,0,0,0,10.3,9.7999997,4.8999999,7.9000004,yoplait,0,69,0
36,0,0,0,0,10.3,9.7999997,4.8999999,7.9000004,yoplait,0,69,0
36,0,0,0,0,10.3,9.7999997,4.8999999,7.9000004,yoplait,0,69,0
36,0,0,0,0,10.3,9.7999997,4.8999999,7.9000004,yoplait,0,69,0
36,0,0,0,0,10.8,9.7999997,4.8999999,7.9000004,yoplait,0,69,0
36,0,0,0,0,10.8,9.7999997,4.8999999,7.9000004,yoplait,0,69,0
36,0,0,0,0,11.5,9.7999997,4.8999999,7.9000004,yoplait,0,69,0
36,0,0,0,0,11.5,9.7999997,4.8999999,7.9000004,yoplait,0,69,0
36,0,0,0,0,11.5,8.6000003,5.4000001,7.9000004,yoplait,0,69,0
36,0,0,0,0,5.5,8.6000003,5.0000001,8.6000003,yoplait,0,69,0
36,1,0,0,0,10.8,8.6000003,5.4000001,7.9000004,yoplait,0,69,0
36,0,0,0,0,12.2,8.6000003,5.0000001,8.6000003,yoplait,0,69,0
37,0,0,0,0,9.7999997,9.7999997,5.0000001,7.9000004,dannon,0,24,0
37,0,0,0,0,9.7999997,9.7999997,5.0000001,7.9000004,dannon,0,24,0
37,0,0,0,0,9.7999997,8.1,4.8999999,7.9000004,hiland,0,24,0
37,0,0,0,0,9.7999997,9.7999997,4.8999999,7.9000004,dannon,0,24,0
37,0,0,0,0,4.1999999,8.6000003,5.4000001,7.9000004,yoplait,0,24,0
37,0,0,0,1,11.5,8.6000003,6.1000001,6.3000001,dannon,0,24,0
37,0,1,0,0,11.5,6.3000001,6.1000001,7.9000004,weight,0,24,0
37,1,0,0,0,8.2999997,8.6000003,6.1000001,6.8999998,yoplait,0,24,0
38,0,0,0,0,13.3,7.4000001,6.1000001,8.6000003,weight,0,25,0
38,0,1,0,0,3.3,10.9,5.0000001,8.1,yoplait,0,25,0
38,0,0,0,0,11.5,8.1,6.1000001,8.1,weight,0,25,0
38,0,0,0,0,4.4,8.5000001,5.0000001,8.3999999,yoplait,0,25,0
38,0,0,0,1,12.2,8.6000003,6.1000001,6.8999998,weight,0,25,0
38,1,0,0,0,12.2,8.6000003,6.1000001,8.6000003,weight,0,25,0
38,0,0,0,0,7.1999997,8.6000003,6.1000001,8.6000003,yoplait,0,25,0
38,0,0,0,0,7.1999997,8.6000003,6.1000001,8.6000003,yoplait,0,25,0
38,0,0,0,0,12.2,8.6000003,6.1000001,2.4,weight,0,25,0
38,0,0,0,0,12.2,8.1,6.1000001,8.6000003,yoplait,0,25,0
38,0,0,0,0,7,8.6000003,6.1000001,8.6000003,yoplait,0,25,0
38,0,0,0,0,7.9999998,8.6000003,6.1000001,8.6000003,yoplait,0,25,0
38,0,0,0,0,12.2,8.6000003,6.1000001,8.6000003,yoplait,0,25,0
38,0,0,0,0,12.2,8.6000003,6.1000001,8.6000003,yoplait,0,25,0
38,0,0,0,0,12.2,8.6000003,6.1000001,8.6000003,yoplait,0,25,0
38,0,0,0,0,7.9999998,8.6000003,6.1000001,8.6000003,yoplait,0,25,0
38,0,0,0,0,12.2,8.6000003,6.1000001,8.6000003,yoplait,0,25,0
39,0,0,0,0,10.3,9.7999997,4.8999999,7.9000004,dannon,1,29,0
39,0,0,0,0,10.3,9.7999997,4.8999999,7.9000004,dannon,1,29,0
39,0,0,0,0,11.5,8.1,4.8999999,7.9000004,dannon,1,29,0
39,0,0,0,0,11.5,8.1,4.8999999,7.9000004,weight,1,29,0
39,0,0,0,0,11.5,8.6000003,5.4000001,7.9000004,weight,1,29,0
39,0,0,1,0,10.8,8.6000003,2.5,7.9000004,yoplait,1,29,0
40,0,0,0,0,11.5,9.6000001,5.7,8.6000003,yoplait,1,43,0
40,0,0,0,0,11.5,9.6000001,5.7,8.6000003,yoplait,1,43,0
40,1,0,0,0,8.2999997,9.2,6.3000001,10.4,yoplait,1,43,0
40,0,0,0,0,10.8,8.6000003,5.4000001,7.9000004,yoplait,1,43,0
40,0,0,0,0,10.8,8.6000003,5.4000001,7.9000004,weight,1,43,0
40,0,0,0,0,10.8,8.6000003,5.4000001,7.9000004,yoplait,1,43,0
40,0,0,0,0,10.8,8.6000003,5.4000001,7.9000004,yoplait,1,43,0
40,0,1,0,0,11.5,6.3000001,6.1000001,7.9000004,yoplait,1,43,0
41,0,0,0,0,10.5,7.4000001,5.0000001,8.5000001,dannon,1,26,0
41,0,0,0,0,10.8,8.1,6.1000001,7.9000004,dannon,1,26,0
41,0,0,0,0,10.8,8.1,6.1000001,7.9000004,dannon,1,26,0
41,0,0,0,0,10.8,8.1,6.1000001,9.2,dannon,1,26,0
41,0,0,0,0,10.8,8.1,5.0000001,7.9000004,dannon,1,26,0
41,0,0,0,0,10.8,8.1,5.0000001,7.9000004,dannon,1,26,0
41,0,0,0,0,10.8,8.1,5.0000001,7.9000004,dannon,1,26,0
41,0,0,0,0,10.8,8.1,5.0000001,7.9000004,dannon,1,26,0
41,0,0,0,0,10.8,8.1,5.0000001,7.9000004,dannon,1,26,0
41,0,0,0,1,10.8,8.1,6.1000001,7.9000004,dannon,1,26,0
41,0,0,0,0,11.5,8.1,6.1000001,7.8000002,dannon,1,26,0
41,0,0,0,0,10.8,8.1,6.1000001,8.6000003,dannon,1,26,0
41,0,0,0,0,10.8,8.1,6.1000001,8.6000003,dannon,1,26,0
41,0,0,0,0,11.5,8.1,6.1000001,8.1,dannon,1,26,0
41,0,0,0,0,11.5,8.1,4.8999999,7.9000004,hiland,1,26,0
41,0,0,0,0,10.8,8.6000003,5.0000001,7.9000004,dannon,1,26,0
41,1,0,0,0,12.2,8.6000003,6.1000001,8.6000003,yoplait,1,26,0
41,0,0,0,0,12.2,8.6000003,6.1000001,8.6000003,yoplait,1,26,0
41,0,0,0,0,2.2,8.6000003,6.1000001,8.6000003,yoplait,1,26,0
41,0,0,0,0,12.2,8.6000003,6.1000001,8.6000003,yoplait,1,26,0
41,0,0,0,0,12.2,8.6000003,6.1000001,8.6000003,yoplait,1,26,0
41,0,0,0,0,12.2,8.6000003,6.1000001,8.6000003,yoplait,1,26,0
41,0,0,0,0,12.2,8.6000003,6.1000001,9.0999998,yoplait,1,26,0
42,0,0,0,0,4.1999999,9.7999997,5.0000001,5.7,yoplait,1,36,0
42,0,0,0,0,12.5,8.1,4.8999999,7.9000004,dannon,1,36,0
42,0,0,0,0,12.5,8.1,4.8999999,7.9000004,dannon,1,36,0
42,0,0,0,0,11,8.1,4.1000001,7.9000004,hiland,1,36,0
42,0,0,0,0,10.3,8.1,4.8999999,7.9000004,weight,1,36,0
42,0,1,0,0,10.3,6.1000001,4.8999999,7.9000004,hiland,1,36,0
42,0,0,0,0,12.2,8.6000003,5.0000001,8.6000003,yoplait,1,36,0
43,0,0,0,0,10.3,8.1,6.6,7.9000004,yoplait,0,47,0
43,0,0,0,0,10.3,8.1,6.6,7.9000004,yoplait,0,47,0
43,0,0,0,0,10.3,8.1,6.6,7.9000004,yoplait,0,47,0
43,0,0,0,0,10.3,8.1,6.6,7.9000004,yoplait,0,47,0
43,0,0,0,0,10.3,8.1,5.0000001,7.9000004,yoplait,0,47,0
43,0,0,0,0,10.3,8.1,5.0000001,7.9000004,yoplait,0,47,0
43,0,0,0,0,10.3,8.1,5.0000001,7.9000004,yoplait,0,47,0
43,0,0,0,0,10.3,8.1,5.0000001,7.9000004,yoplait,0,47,0
43,0,0,0,0,10.3,8.1,5.0000001,7.9000004,yoplait,0,47,0
43,0,0,0,0,10.3,8.1,4.8999999,7.9000004,yoplait,0,47,0
43,0,0,0,0,10.3,8.1,5.0000001,7.9000004,dannon,0,47,0
43,0,0,0,0,10.3,8.1,5.0000001,7.9000004,dannon,0,47,0
43,0,0,0,0,6.1999999,8.1,4.8999999,7.9000004,yoplait,0,47,0
43,0,0,0,0,6.1999999,8.1,4.8999999,7.9000004,yoplait,0,47,0
43,0,0,0,0,12.5,8.1,5.0000001,7.9000004,dannon,0,47,0
43,0,0,0,0,10.3,8.1,5.0000001,7.9000004,yoplait,0,47,0
43,0,0,0,0,10.3,8.1,5.0000001,7.9000004,yoplait,0,47,0
43,0,0,0,0,10.3,8.1,5.0000001,7.9000004,yoplait,0,47,0
43,0,0,0,0,10.3,8.1,5.0000001,7.9000004,yoplait,0,47,0
43,0,0,0,0,6.1999999,9.7999997,5.0000001,7.9000004,yoplait,0,47,0
43,0,0,0,0,10.3,9.7999997,5.0000001,7.9000004,yoplait,0,47,0
43,0,0,0,0,5.2999999,9.7999997,4.8999999,7.9000004,yoplait,0,47,0
43,0,0,0,0,5.2999999,9.7999997,4.8999999,7.9000004,yoplait,0,47,0
43,0,0,0,0,5.2999999,9.7999997,4.8999999,7.9000004,yoplait,0,47,0
43,0,0,0,0,10.3,9.7999997,4.8999999,7.9000004,yoplait,0,47,0
43,0,0,0,0,10.3,9.7999997,4.8999999,7.9000004,yoplait,0,47,0
43,0,0,0,0,10.3,8.1,4.8999999,7.9000004,hiland,0,47,0
43,0,0,0,0,10.3,9.7999997,4.8999999,7.9000004,yoplait,0,47,0
43,0,1,0,0,10.3,4.4,4.8999999,7.9000004,dannon,0,47,0
43,0,0,0,0,10.8,8.2999997,7.5999998,9.0000004,yoplait,0,47,0
43,0,0,0,0,10.8,8.2999997,7.5999998,9.0000004,yoplait,0,47,0
43,1,0,0,0,5.0000001,8.6000003,5.4000001,7.9000004,yoplait,0,47,0
43,1,0,0,0,5.0000001,8.6000003,5.4000001,7.9000004,yoplait,0,47,0
43,0,0,0,0,8.2999997,8.6000003,5.4000001,7.9000004,yoplait,0,47,0
43,0,0,0,0,5.5,8.6000003,5.4000001,7.9000004,yoplait,0,47,0
43,0,0,0,0,5.5,8.6000003,5.4000001,7.9000004,yoplait,0,47,0
43,0,0,0,0,5.5,8.6000003,5.4000001,7.9000004,yoplait,0,47,0
43,0,0,0,0,4.1999999,8.6000003,5.4000001,7.9000004,yoplait,0,47,0
43,1,0,0,0,5.5,8.6000003,5.4000001,7.9000004,yoplait,0,47,0
43,0,0,0,1,11.5,8.6000003,5.6000002,6.3000001,yoplait,0,47,0
43,0,0,0,1,11.5,8.6000003,5.6000002,6.3000001,yoplait,0,47,0
44,0,0,0,0,11.5,8.1,5.0000001,8.1,dannon,1,43,0
44,0,0,0,0,11.5,8.1,5.0000001,8.1,dannon,1,43,0
44,0,0,0,0,11.5,8.1,5.0000001,8.1,dannon,1,43,0
44,0,0,0,0,11.5,8.1,5.0000001,8.1,dannon,1,43,0
44,0,0,0,0,11.5,8.1,5.0000001,8.1,dannon,1,43,0
44,0,0,0,0,11.5,8.1,5.0000001,8.1,dannon,1,43,0
44,0,0,0,0,11.5,8.1,5.0000001,8.1,dannon,1,43,0
44,0,0,0,0,10.3,8.1,4.8999999,7.9000004,dannon,1,43,0
44,0,1,0,0,10.3,6.1000001,4.8999999,7.9000004,dannon,1,43,0
44,0,0,0,0,11.2,8.1,5.0000001,8.1,yoplait,1,43,0
44,0,0,0,0,11.2,8.1,5.0000001,8.1,yoplait,1,43,0
44,0,0,0,0,11.2,8.1,5.0000001,8.1,yoplait,1,43,0
44,0,0,0,0,2.8000001,8.1,5.0000001,8.1,yoplait,1,43,0
44,1,0,0,0,8.2999997,8.6000003,5.0000001,7.5999998,dannon,1,43,0
45,1,0,0,0,10.8,8.6000003,5.4000001,7.9000004,yoplait,0,21,1
45,1,0,0,0,8.2999997,8.6000003,5.4000001,7.9000004,yoplait,0,21,1
45,1,0,0,0,8.2999997,8.6000003,5.4000001,7.9000004,yoplait,0,21,1
45,0,0,0,0,8.2999997,8.6000003,5.4000001,7.9000004,yoplait,0,21,1
45,0,0,0,0,12.2,6.3000001,5.4000001,8.6000003,dannon,0,21,1
45,0,0,0,0,12.2,6.3000001,5.4000001,8.6000003,dannon,0,21,1
45,0,0,0,1,11.5,8.6000003,6.1000001,6.3000001,yoplait,0,21,1
45,0,0,0,1,11.5,8.6000003,6.1000001,6.3000001,yoplait,0,21,1
45,0,0,0,1,3.3,5.0000001,6.1000001,6.3000001,yoplait,0,21,1
45,0,0,0,0,4.1999999,6.3000001,6.1000001,6.3000001,yoplait,0,21,1
45,0,0,0,0,11.5,6.3000001,6.1000001,6.3000001,dannon,0,21,1
45,0,0,0,0,5.5,6.3000001,6.1000001,6.3000001,yoplait,0,21,1
45,0,0,0,0,8.2999997,8.6000003,6.1000001,6.3000001,yoplait,0,21,1
46,0,0,0,0,11.7,8.1,6.6,7.9000004,yoplait,1,23,0
46,0,1,0,0,11.7,7.8000002,6.6,7.9000004,yoplait,1,23,0
46,0,0,0,0,11.7,8.1,5.2000001,7.9000004,yoplait,1,23,0
46,0,0,0,0,11,8.1,6.6,7.9000004,yoplait,1,23,0
46,0,1,0,0,10.3,2.4,4.8999999,7.9000004,dannon,1,23,0
46,0,1,0,0,10.3,2.4,4.8999999,7.9000004,dannon,1,23,0
46,0,0,0,0,3.9999999,8.1,6.6,7.9000004,yoplait,1,23,0
46,0,0,0,0,3.9999999,8.1,6.6,7.9000004,yoplait,1,23,0
46,1,0,0,0,4.1999999,8.6000003,5.4000001,7.9000004,yoplait,1,23,0
46,1,0,0,0,10.8,8.6000003,2.5,7.9000004,hiland,1,23,0
47,0,0,0,0,10.3,7.4000001,5.0000001,8.6000003,yoplait,1,60,0
47,0,0,0,0,11.2,7.4000001,5.0000001,8.6000003,yoplait,1,60,0
47,0,0,0,0,11.2,7.4000001,5.0000001,8.6000003,yoplait,1,60,0
47,0,0,0,0,10.3,8.1,6.4000003,8.1,dannon,1,60,0
47,0,0,0,0,10.3,8.1,6.4000003,8.1,dannon,1,60,0
47,0,0,0,0,10.3,8.1,6.4000003,8.1,dannon,1,60,0
47,0,0,0,0,10.3,8.1,6.4000003,8.1,dannon,1,60,0
47,0,0,0,0,10.8,8.1,5.0000001,7.9000004,yoplait,1,60,0
47,0,0,0,0,10.8,8.1,5.0000001,7.9000004,yoplait,1,60,0
47,0,0,0,0,10.8,8.1,5.0000001,7.9000004,yoplait,1,60,0
47,0,0,0,0,10.8,8.1,5.0000001,7.9000004,yoplait,1,60,0
47,0,0,0,0,11.6,8.1,5.0000001,7.9999998,dannon,1,60,0
47,0,0,0,0,11.6,8.1,5.0000001,7.9999998,dannon,1,60,0
47,0,0,0,0,10.8,7.9999998,5.0000001,7.9999998,yoplait,1,60,0
47,0,0,0,0,11.6,8.1,5.0000001,7.9999998,dannon,1,60,0
47,0,0,0,0,10.3,9.7999997,6.6,7.9000004,yoplait,1,60,0
47,0,0,0,0,10.3,9.7999997,6.6,7.9000004,yoplait,1,60,0
47,0,0,0,0,10.3,9.7999997,6.6,7.9000004,yoplait,1,60,0
47,0,0,0,0,10.3,9.7999997,6.6,7.9000004,yoplait,1,60,0
47,0,0,0,0,12.5,8.1,6.6,7.9000004,dannon,1,60,0
47,0,0,0,0,12.5,8.1,6.6,7.9000004,dannon,1,60,0
47,0,0,0,0,12.5,8.1,6.6,7.9000004,dannon,1,60,0
47,0,0,0,0,10.3,9.7999997,6.6,7.9000004,yoplait,1,60,0
47,0,0,0,0,10.3,9.7999997,6.6,7.9000004,yoplait,1,60,0
47,0,0,0,0,10.8,8.1,5.0000001,7.9000004,yoplait,1,60,0
47,0,0,0,0,10.8,8.1,5.0000001,7.9000004,yoplait,1,60,0
47,0,0,0,0,10.8,8.1,5.0000001,7.9000004,yoplait,1,60,0
48,0,0,0,0,0.3,9.7999997,6.6,7.9000004,yoplait,1,19,0
48,0,0,0,0,10.3,9.7999997,6.6,7.9000004,yoplait,1,19,0
48,0,0,0,0,12.5,9.7999997,4.8999999,7.9000004,yoplait,1,19,0
48,0,0,0,0,12.5,9.7999997,4.8999999,7.9000004,yoplait,1,19,0
48,0,0,0,0,12.5,9.7999997,4.8999999,7.9000004,yoplait,1,19,0
48,0,0,0,0,0.3,9.7999997,4.8999999,7.9000004,yoplait,1,19,0
48,0,0,0,0,9.2,9.7999997,4.8999999,7.9000004,yoplait,1,19,0
48,0,0,0,0,10.8,8.1,6.1000001,8.6000003,yoplait,1,19,0
48,0,1,0,0,10.8,8.6000003,5.0000001,8.6000003,weight,1,19,0
49,0,0,0,0,10.8,6.1000001,5.0000001,7.9000004,weight,1,64,1
49,0,0,0,0,5.6000002,8.1,5.0000001,7.9000004,yoplait,1,64,1
49,0,0,1,0,13.2,8.6000003,2.5,7.9000004,hiland,1,64,1
49,0,0,1,0,13.2,8.6000003,2.5,7.9000004,hiland,1,64,1
49,0,0,1,0,10.8,8.6000003,2.5,7.9000004,dannon,1,64,1
49,0,0,1,0,10.8,8.6000003,2.5,7.9000004,dannon,1,64,1
49,1,0,0,0,8.2999997,2.4,5.4000001,8.6000003,dannon,1,64,1
49,1,0,0,0,8.2999997,8.6000003,5.4000001,8.6000003,dannon,1,64,1
50,0,0,0,0,3.7,9.7999997,4.8999999,7.9000004,yoplait,0,50,1
50,0,1,0,0,10.3,6.1000001,4.8999999,7.9000004,dannon,0,50,1
50,0,0,0,0,10.3,9.7999997,4.8999999,7.9000004,yoplait,0,50,1
50,0,0,0,0,10.8,4.8999999,4.3000001,7.9000004,dannon,0,50,1
50,0,0,0,0,10.8,4.8999999,4.3000001,7.9000004,dannon,0,50,1
50,0,1,0,0,11.5,8.6000003,6.1000001,7.9000004,dannon,0,50,1
50,0,1,0,0,11.5,6.3000001,6.1000001,7.9000004,dannon,0,50,1
50,0,0,0,0,11.5,6.3000001,6.1000001,6.3000001,dannon,0,50,1
51,0,0,0,0,12.5,7.4000001,6.1000001,8.1,dannon,1,65,0
51,0,0,0,0,12.5,7.4000001,6.1000001,8.1,dannon,1,65,0
51,0,0,0,0,12.5,7.4000001,6.1000001,8.1,dannon,1,65,0
51,0,0,0,0,12.5,7.4000001,6.1000001,8.1,dannon,1,65,0
51,0,0,0,0,10.3,8.1,6.6,7.9000004,dannon,1,65,0
51,0,0,0,0,10.3,8.1,6.6,7.9000004,dannon,1,65,0
51,0,0,0,0,10.3,8.1,6.6,7.9000004,dannon,1,65,0
51,0,0,0,0,10.3,8.1,6.6,7.9000004,dannon,1,65,0
51,0,0,0,0,10.8,8.1,6.1000001,8.5000001,dannon,1,65,0
51,0,0,0,0,10.3,8.1,4.8999999,7.9000004,dannon,1,65,0
51,0,0,0,0,10.3,8.1,4.8999999,7.9000004,dannon,1,65,0
51,0,0,0,0,10.3,8.1,4.8999999,7.9000004,dannon,1,65,0
51,0,0,0,0,10.3,8.1,4.8999999,7.9000004,dannon,1,65,0
51,0,0,0,0,10.3,8.1,4.8999999,7.9000004,dannon,1,65,0
51,0,1,0,0,10.3,6.1000001,4.8999999,7.9000004,dannon,1,65,0
51,0,0,0,0,10.8,8.1,5.0000001,8.1,yoplait,1,65,0
51,0,0,0,0,11.3,8.1,5.0000001,9.0999998,dannon,1,65,0
51,0,0,0,0,11.3,8.1,5.0000001,9.0999998,dannon,1,65,0
51,0,0,0,0,11.3,8.1,5.0000001,9.0999998,dannon,1,65,0
51,0,0,0,0,11.5,8.1,4.8999999,7.9000004,dannon,1,65,0
51,0,0,0,0,11.5,8.1,4.8999999,7.9000004,dannon,1,65,0
51,0,0,0,0,11.5,8.1,4.8999999,7.9000004,dannon,1,65,0
51,0,0,0,0,11.5,8.1,4.8999999,7.9000004,dannon,1,65,0
51,0,0,1,0,11.5,8.1,3.3,7.9000004,dannon,1,65,0
51,0,0,0,0,10.8,3.5999998,5.4000001,7.9000004,dannon,1,65,0
51,0,0,0,0,10.8,8.6000003,5.4000001,7.9000004,dannon,1,65,0
51,0,0,1,0,13.2,8.6000003,2.5,7.9000004,dannon,1,65,0
51,1,0,0,0,10.8,8.6000003,5.4000001,7.9000004,dannon,1,65,0
51,0,0,0,0,11.5,8.6000003,5.4000001,7.9000004,dannon,1,65,0
51,0,0,0,0,11.5,8.6000003,5.4000001,7.9000004,dannon,1,65,0
51,0,0,0,0,11.5,8.6000003,5.4000001,7.9000004,dannon,1,65,0
51,0,0,0,0,11.5,8.6000003,5.4000001,7.9000004,dannon,1,65,0
51,0,0,0,0,12.2,8.6000003,5.4000001,7.9000004,dannon,1,65,0
51,0,0,0,0,12.2,8.6000003,5.4000001,7.9000004,dannon,1,65,0
51,0,0,0,0,12.2,8.6000003,5.4000001,7.9000004,dannon,1,65,0
51,1,0,0,0,8.2999997,8.6000003,5.4000001,8.6000003,dannon,1,65,0
51,0,0,0,0,12.2,8.6000003,5.4000001,8.6000003,dannon,1,65,0
51,0,0,0,1,11.5,8.6000003,6.1000001,6.3000001,dannon,1,65,0
51,0,0,0,1,11.5,8.6000003,6.1000001,6.3000001,dannon,1,65,0
51,0,0,0,1,11.5,8.6000003,6.1000001,6.3000001,dannon,1,65,0
51,0,0,0,0,8.2999997,8.6000003,6.1000001,6.3000001,dannon,1,65,0
51,0,0,0,0,12.2,8.6000003,5.0000001,8.6000003,dannon,1,65,0
51,0,0,0,0,12.2,8.6000003,5.0000001,8.6000003,dannon,1,65,0
51,0,0,0,0,12.2,8.6000003,5.0000001,8.6000003,dannon,1,65,0
51,0,0,0,0,12.2,8.6000003,5.0000001,8.6000003,dannon,1,65,0
51,0,0,0,1,4.1999999,8.6000003,6.1000001,6.3000001,dannon,1,65,0
51,0,0,0,1,4.1999999,8.6000003,6.1000001,6.3000001,dannon,1,65,0
51,0,0,0,1,4.1999999,8.6000003,6.1000001,6.3000001,dannon,1,65,0
52,0,0,0,0,11.4,8.1,5.0000001,8.8,dannon,1,21,1
52,0,0,0,0,11.6,8.6000003,5.0000001,8.9000002,dannon,1,21,1
52,0,0,0,0,11.9,8.6000003,5.0000001,8.6000003,dannon,1,21,1
52,0,0,0,0,12.2,8.6000003,5.0000001,8.6000003,dannon,1,21,1
52,0,0,0,0,12.2,8.6000003,5.0000001,8.6000003,dannon,1,21,1
52,0,0,0,0,12.2,8.6000003,5.0000001,8.6000003,dannon,1,21,1
53,0,0,0,0,5.2999999,8.1,4.8999999,7.9000004,yoplait,1,45,1
53,0,0,0,0,5.2999999,8.1,4.8999999,7.9000004,yoplait,1,45,1
53,0,0,0,0,10.3,8.1,4.8999999,7.9000004,hiland,1,45,1
53,0,0,0,0,11.5,8.1,4.8999999,7.9000004,weight,1,45,1
53,0,0,0,0,11.5,8.1,4.8999999,7.9000004,weight,1,45,1
53,0,0,0,0,11.5,8.1,4.8999999,7.9000004,dannon,1,45,1
53,0,0,0,0,11.5,8.1,4.8999999,7.9000004,weight,1,45,1
53,0,0,0,0,11.5,8.1,4.8999999,7.9000004,weight,1,45,1
53,0,0,0,0,11.5,8.1,4.8999999,7.9000004,weight,1,45,1
53,0,0,0,0,11.5,8.1,4.8999999,7.9000004,weight,1,45,1
53,0,0,0,0,8.2999997,8.1,4.8999999,7.9000004,yoplait,1,45,1
53,0,0,0,0,8.2999997,8.1,4.8999999,7.9000004,yoplait,1,45,1
53,0,0,0,0,8.2999997,8.1,4.8999999,7.9000004,yoplait,1,45,1
53,0,0,0,0,11.5,8.1,4.8999999,7.9000004,weight,1,45,1
53,0,0,0,0,11.5,8.1,4.8999999,7.9000004,weight,1,45,1
53,0,0,0,0,11.5,8.1,4.8999999,7.9000004,weight,1,45,1
53,0,0,0,0,11.5,8.1,4.8999999,7.9000004,weight,1,45,1
53,0,0,1,0,11.5,8.1,3.0999999,7.9000004,hiland,1,45,1
53,0,0,1,0,11.5,8.1,3.0999999,7.9000004,hiland,1,45,1
53,1,0,0,0,8.2999997,8.6000003,5.4000001,8.6000003,yoplait,1,45,1
53,1,0,0,0,8.2999997,8.6000003,5.4000001,8.6000003,yoplait,1,45,1
53,0,0,0,1,11.5,8.6000003,6.1000001,6.3000001,weight,1,45,1
53,0,0,0,0,11.5,8.6000003,6.1000001,6.3000001,weight,1,45,1
53,0,0,0,0,11.5,8.6000003,6.1000001,6.3000001,weight,1,45,1
53,0,0,0,0,11.5,8.6000003,6.1000001,6.3000001,weight,1,45,1
53,0,0,0,0,11.5,8.6000003,6.1000001,6.3000001,weight,1,45,1
53,0,0,0,0,11.5,8.6000003,6.1000001,6.3000001,weight,1,45,1
53,0,0,1,0,11.5,6.3000001,6.1000001,7.9000004,dannon,1,45,1
53,0,0,1,0,11.5,6.3000001,6.1000001,7.9000004,dannon,1,45,1
53,0,0,1,0,11.5,6.3000001,6.1000001,7.9000004,dannon,1,45,1
53,0,0,0,0,11.5,6.3000001,6.1000001,4.1000001,dannon,1,45,1
53,0,0,0,0,11.5,6.3000001,6.1000001,4.1000001,dannon,1,45,1
53,0,0,0,0,11.5,6.3000001,6.1000001,4.1000001,dannon,1,45,1
53,0,0,0,0,11.5,6.3000001,6.1000001,4.1000001,dannon,1,45,1
53,0,0,0,0,11.5,8.6000003,6.1000001,7.9000004,dannon,1,45,1
53,0,0,0,0,11.5,8.6000003,6.1000001,7.9000004,dannon,1,45,1
53,0,0,0,0,11.5,8.6000003,6.1000001,7.9000004,dannon,1,45,1
53,0,0,0,0,11.5,8.6000003,6.1000001,7.9000004,dannon,1,45,1
53,0,0,0,0,11.5,6.3000001,6.1000001,7.9000004,dannon,1,45,1
53,0,0,0,0,11.5,6.3000001,6.1000001,7.9000004,dannon,1,45,1
53,0,0,0,1,4.1999999,3.9000001,6.1000001,5.9999999,yoplait,1,45,1
53,0,0,0,1,5.2000001,3.0999999,6.1000001,5.9999999,dannon,1,45,1
53,0,0,0,0,11.5,6.3000001,6.1000001,6.3000001,dannon,1,45,1
53,0,0,0,0,11.5,6.3000001,6.1000001,6.3000001,dannon,1,45,1
53,0,0,0,0,11.5,6.3000001,6.1000001,6.3000001,dannon,1,45,1
54,0,0,0,0,10.3,8.1,4.8999999,7.9000004,dannon,1,64,1
54,0,0,0,0,10.3,8.1,4.8999999,7.9000004,dannon,1,64,1
54,0,0,0,0,10.3,8.1,4.8999999,7.9000004,dannon,1,64,1
54,0,0,0,0,10.3,8.1,4.8999999,7.9000004,dannon,1,64,1
54,0,0,0,0,10.3,8.1,4.8999999,7.9000004,dannon,1,64,1
54,0,0,0,0,10.3,8.1,4.8999999,7.9000004,dannon,1,64,1
54,0,0,0,0,10.3,8.1,4.8999999,7.9000004,dannon,1,64,1
54,0,0,0,0,10.3,8.1,4.8999999,7.9000004,dannon,1,64,1
54,0,0,0,0,10.3,8.1,4.8999999,7.9000004,dannon,1,64,1
54,0,0,0,0,10.3,8.1,4.8999999,7.9000004,dannon,1,64,1
54,0,0,0,0,10.3,8.1,4.8999999,7.9000004,dannon,1,64,1
54,0,0,0,1,11.5,8.6000003,5.9999999,6.3000001,weight,1,64,1
54,0,0,0,0,5.7999998,6.3000001,6.1000001,6.4000003,hiland,1,64,1
54,0,0,0,0,5.7999998,6.3000001,6.1000001,6.4000003,hiland,1,64,1
55,0,0,0,0,10.3,9.7999997,6.6,7.9000004,dannon,1,28,1
55,0,0,0,0,10.3,9.7999997,6.6,7.9000004,dannon,1,28,1
55,0,0,0,0,10.3,9.7999997,6.6,7.9000004,dannon,1,28,1
55,0,0,0,0,10.3,9.7999997,6.6,7.9000004,yoplait,1,28,1
55,0,0,0,0,10.3,9.7999997,6.6,7.9000004,yoplait,1,28,1
55,0,0,0,0,10.3,9.7999997,6.6,7.9000004,yoplait,1,28,1
55,0,0,0,0,10.3,9.7999997,6.6,7.9000004,yoplait,1,28,1
55,0,0,0,0,10.3,9.7999997,6.6,7.9000004,yoplait,1,28,1
55,0,0,0,0,10.3,9.7999997,6.6,7.9000004,yoplait,1,28,1
55,0,0,0,0,10.8,8.1,5.0000001,7.9000004,yoplait,1,28,1
55,0,0,0,0,10.8,8.1,5.0000001,7.9000004,yoplait,1,28,1
55,0,0,0,0,10.8,8.1,5.0000001,7.9000004,yoplait,1,28,1
55,0,0,0,0,10.8,8.1,5.0000001,7.9000004,yoplait,1,28,1
55,0,0,0,0,10.8,8.1,5.0000001,7.9000004,yoplait,1,28,1
55,0,0,0,0,10.8,8.1,5.0000001,7.9000004,yoplait,1,28,1
55,0,0,0,0,10.8,8.1,5.0000001,7.9000004,yoplait,1,28,1
55,0,0,0,0,10.8,8.1,5.0000001,7.9000004,yoplait,1,28,1
55,0,0,0,0,10.8,8.1,5.0000001,7.9000004,yoplait,1,28,1
55,0,0,0,0,10.3,9.7999997,4.8999999,7.9000004,yoplait,1,28,1
55,0,0,0,0,10.3,9.7999997,4.8999999,7.9000004,yoplait,1,28,1
55,0,0,0,0,10.3,9.7999997,4.8999999,7.9000004,yoplait,1,28,1
55,0,0,0,0,10.8,8.1,5.0000001,8.6000003,yoplait,1,28,1
55,0,0,0,0,10.8,8.1,5.0000001,8.6000003,yoplait,1,28,1
55,0,0,0,0,10.8,8.1,5.0000001,8.6000003,yoplait,1,28,1
55,0,0,0,0,10.8,8.1,5.0000001,8.6000003,yoplait,1,28,1
55,0,0,0,0,10.8,8.1,5.0000001,8.6000003,yoplait,1,28,1
55,0,0,0,0,10.8,8.1,5.0000001,8.6000003,yoplait,1,28,1
55,0,0,0,0,10.3,9.7999997,4.8999999,7.9000004,yoplait,1,28,1
55,0,0,0,0,10.3,9.7999997,4.8999999,7.9000004,yoplait,1,28,1
55,0,0,0,0,10.3,9.7999997,4.8999999,7.9000004,yoplait,1,28,1
55,0,0,0,0,10.3,9.7999997,4.8999999,7.9000004,yoplait,1,28,1
55,0,0,0,0,10.3,9.7999997,4.8999999,7.9000004,yoplait,1,28,1
55,0,0,0,0,10.3,9.7999997,4.8999999,7.9000004,yoplait,1,28,1
55,0,0,0,0,10.3,9.7999997,4.8999999,7.9000004,yoplait,1,28,1
55,0,0,0,0,10.3,9.7999997,4.8999999,7.9000004,yoplait,1,28,1
55,0,0,0,0,10.8,8.1,5.0000001,8.1,yoplait,1,28,1
55,0,0,0,0,10.8,8.1,5.0000001,8.1,yoplait,1,28,1
55,0,0,0,0,10.8,8.1,5.0000001,8.1,yoplait,1,28,1
55,0,0,0,0,10.8,8.1,5.0000001,8.1,yoplait,1,28,1
55,0,0,0,0,10.8,8.1,5.0000001,8.1,yoplait,1,28,1
55,0,0,0,0,10.3,9.7999997,4.8999999,7.9000004,yoplait,1,28,1
55,0,0,0,0,10.3,9.7999997,4.8999999,7.9000004,yoplait,1,28,1
55,0,0,0,0,10.3,9.7999997,4.8999999,7.9000004,yoplait,1,28,1
55,0,0,0,0,10.3,9.7999997,4.8999999,7.9000004,yoplait,1,28,1
55,0,0,0,0,10.3,9.7999997,4.8999999,7.9000004,yoplait,1,28,1
55,0,0,0,0,10.8,8.1,5.0000001,8.1,yoplait,1,28,1
55,0,0,0,0,10.3,9.7999997,4.8999999,7.9000004,yoplait,1,28,1
55,0,0,0,0,10.8,8.1,5.0000001,8.1,yoplait,1,28,1
55,0,0,0,0,10.8,8.1,5.0000001,8.1,yoplait,1,28,1
55,0,0,0,0,10.8,8.1,5.0000001,8.1,yoplait,1,28,1
55,0,0,0,0,10.3,9.7999997,4.8999999,7.9000004,yoplait,1,28,1
55,0,0,0,0,10.8,8.1,5.0000001,8.1,yoplait,1,28,1
55,0,0,0,0,10.8,8.1,5.0000001,8.1,yoplait,1,28,1
55,0,0,0,0,10.8,8.1,5.0000001,8.1,yoplait,1,28,1
55,0,0,0,0,10.8,8.1,5.0000001,8.1,yoplait,1,28,1
55,0,0,0,0,10.8,8.1,5.0000001,8.1,yoplait,1,28,1
55,0,0,0,0,10.8,9.7999997,4.8999999,7.9000004,yoplait,1,28,1
55,0,0,0,0,10.8,9.7999997,4.8999999,7.9000004,yoplait,1,28,1
55,0,0,0,0,10.8,9.7999997,4.8999999,7.9000004,yoplait,1,28,1
55,0,0,0,0,10.8,9.7999997,4.8999999,7.9000004,yoplait,1,28,1
55,0,0,0,0,11.5,9.7999997,4.8999999,7.9000004,yoplait,1,28,1
55,0,0,0,0,11.5,9.7999997,4.8999999,7.9000004,yoplait,1,28,1
55,0,0,0,0,11.5,9.7999997,4.8999999,7.9000004,yoplait,1,28,1
55,0,0,0,0,11.5,9.7999997,4.8999999,7.9000004,yoplait,1,28,1
55,0,0,0,0,11.5,9.7999997,4.8999999,7.9000004,yoplait,1,28,1
55,0,0,0,0,11.5,8.1,4.8999999,7.9000004,yoplait,1,28,1
55,0,0,0,0,11.5,8.1,4.8999999,7.9000004,yoplait,1,28,1
55,0,0,0,0,10.8,8.1,5.0000001,8.1,yoplait,1,28,1
55,0,0,0,0,10.8,8.1,5.0000001,8.1,yoplait,1,28,1
55,0,0,0,0,10.8,8.1,5.0000001,8.1,yoplait,1,28,1
55,0,0,0,0,10.8,8.1,5.0000001,8.1,yoplait,1,28,1
55,0,0,0,0,10.8,8.1,5.0000001,8.1,yoplait,1,28,1
55,0,0,0,0,10.8,8.1,5.0000001,8.1,yoplait,1,28,1
55,0,0,0,0,10.8,8.1,5.0000001,8.1,yoplait,1,28,1
55,0,0,0,0,12.2,8.6000003,5.0000001,8.6000003,yoplait,1,28,1
55,0,0,0,0,12.2,8.6000003,5.0000001,8.6000003,yoplait,1,28,1
55,0,0,0,0,12.2,8.6000003,5.0000001,8.6000003,yoplait,1,28,1
55,1,0,0,0,11.5,8.6000003,5.4000001,7.9000004,yoplait,1,28,1
55,1,0,0,0,11.5,8.6000003,5.4000001,7.9000004,yoplait,1,28,1
55,1,0,0,0,11.5,8.6000003,5.4000001,7.9000004,yoplait,1,28,1
55,0,0,0,0,11.5,8.6000003,5.4000001,7.9000004,yoplait,1,28,1
55,0,0,0,0,11.5,8.6000003,5.4000001,7.9000004,yoplait,1,28,1
55,0,0,0,0,11.5,8.6000003,5.4000001,7.9000004,yoplait,1,28,1
55,0,0,0,0,10.8,9.0000004,5.9,7.7,yoplait,1,28,1
55,0,0,0,0,10.8,9.0000004,5.9,7.7,yoplait,1,28,1
55,0,0,0,0,10.8,8.6000003,5.4000001,7.9000004,yoplait,1,28,1
55,0,0,0,0,10.8,8.6000003,5.4000001,7.9000004,yoplait,1,28,1
55,1,0,0,0,5.5,8.6000003,5.0000001,7.5999998,yoplait,1,28,1
55,1,0,0,0,5.5,8.6000003,5.0000001,7.5999998,yoplait,1,28,1
55,1,0,0,0,5.5,8.6000003,5.0000001,7.5999998,yoplait,1,28,1
55,0,0,1,0,10.8,8.6000003,2.5,7.9000004,yoplait,1,28,1
55,0,0,1,0,10.8,8.6000003,2.5,7.9000004,yoplait,1,28,1
55,0,0,0,0,8.2999997,8.6000003,5.4000001,7.9000004,yoplait,1,28,1
56,0,0,0,0,10.8,8.6000003,5.4000001,7.9000004,weight,0,18,1
56,0,0,1,0,13.2,8.6000003,2.5,7.9000004,dannon,0,18,1
56,0,0,0,0,10.8,8.6000003,4.3000001,7.9000004,weight,0,18,1
56,0,0,0,0,8.2999997,8.6000003,5.4000001,7.9000004,yoplait,0,18,1
56,0,0,1,0,11.5,6.3000001,6.1000001,7.9000004,dannon,0,18,1
57,0,0,0,0,10.3,9.7999997,6.6,7.9000004,yoplait,1,24,0
57,0,0,0,0,10.3,9.7999997,6.6,7.9000004,yoplait,1,24,0
57,0,0,0,0,10.3,9.7999997,6.6,7.9000004,yoplait,1,24,0
57,0,0,0,0,10.3,8.1,4.8999999,7.9000004,weight,1,24,0
57,0,0,0,0,10.3,8.1,4.8999999,7.9000004,weight,1,24,0
57,0,0,0,0,10.3,8.1,4.8999999,7.9000004,weight,1,24,0
57,0,0,0,0,10.3,8.1,4.8999999,7.9000004,dannon,1,24,0
57,0,0,0,0,11.5,8.1,4.8999999,7.9000004,weight,1,24,0
57,0,0,0,0,11.5,8.1,4.8999999,7.9000004,weight,1,24,0
57,1,0,0,0,11.5,8.6000003,5.4000001,7.9000004,weight,1,24,0
57,0,0,0,0,8.2999997,8.6000003,5.4000001,7.9000004,weight,1,24,0
57,0,0,0,0,10.8,8.6000003,2.5,7.9000004,dannon,1,24,0
57,0,0,0,0,10.8,8.6000003,4.5000002,7.9000004,dannon,1,24,0
57,0,0,0,0,10.8,8.6000003,5.0000001,7.9000004,dannon,1,24,0
57,0,0,0,0,11.5,8.6000003,5.4000001,7.9000004,dannon,1,24,0
57,0,0,0,0,12.2,8.6000003,5.4000001,8.1,dannon,1,24,0
57,0,0,0,0,5.7,8.6000003,5.4000001,7.9000004,dannon,1,24,0
57,0,0,0,0,12.2,8.6000003,6.1000001,8.6000003,dannon,1,24,0
58,0,0,0,0,9.7999997,7.4000001,5.0000001,8.1,dannon,1,17,0
58,0,0,0,0,9.7999997,7.4000001,5.0000001,8.1,dannon,1,17,0
58,0,0,0,0,9.7999997,7.4000001,5.0000001,8.1,dannon,1,17,0
58,0,0,0,0,10.3,7.4000001,5.0000001,8.1,dannon,1,17,0
58,0,0,0,0,10.3,7.4000001,5.0000001,8.1,dannon,1,17,0
58,0,0,0,0,12.5,8.1,5.0000001,7.9000004,dannon,1,17,0
58,0,0,0,0,12.5,8.1,5.0000001,7.9000004,dannon,1,17,0
58,0,0,0,0,12.5,8.1,5.0000001,7.9000004,dannon,1,17,0
58,0,0,0,0,10.3,8.1,4.8999999,7.9000004,dannon,1,17,0
58,0,0,0,0,10.3,8.1,4.8999999,7.9000004,dannon,1,17,0
58,0,0,0,0,9.7999997,8.1,4.8999999,7.9000004,dannon,1,17,0
58,0,0,0,0,9.7999997,8.1,4.8999999,7.9000004,dannon,1,17,0
58,0,0,0,0,10.1,8.1,4.8999999,7.9000004,dannon,1,17,0
58,0,0,0,0,10.1,8.1,4.8999999,7.9000004,dannon,1,17,0
58,0,0,0,0,10.3,8.1,4.8999999,7.9000004,dannon,1,17,0
58,0,0,0,0,10.3,8.1,4.8999999,7.9000004,dannon,1,17,0
58,0,0,0,0,10.3,8.1,4.8999999,7.9000004,dannon,1,17,0
58,0,0,0,0,10.8,8.1,4.8999999,7.9000004,dannon,1,17,0
58,0,0,0,0,10.8,8.1,4.8999999,7.9000004,dannon,1,17,0
58,0,0,1,0,11.5,8.1,3.0999999,7.9000004,dannon,1,17,0
58,0,0,0,0,11.5,8.6000003,5.4000001,7.9000004,dannon,1,17,0
58,0,0,0,0,11.5,8.6000003,5.4000001,7.9000004,dannon,1,17,0
58,0,0,0,0,11.5,8.6000003,5.4000001,7.9000004,dannon,1,17,0
59,0,0,0,0,10.3,8.1,4.8999999,7.9000004,dannon,0,27,0
59,0,0,0,0,10.8,8.6000003,5.4000001,7.9000004,dannon,0,27,0
59,0,0,0,0,10.8,8.6000003,5.4000001,7.9000004,yoplait,0,27,0
59,0,0,0,0,10.8,8.6000003,5.4000001,7.9000004,yoplait,0,27,0
59,0,0,0,0,10.8,8.6000003,5.4000001,7.9000004,yoplait,0,27,0
59,0,0,0,0,12.2,8.6000003,5.4000001,7.9000004,yoplait,0,27,0
59,0,0,0,0,12.2,8.6000003,5.4000001,8.5000001,yoplait,0,27,0
59,0,0,0,0,12.2,8.6000003,5.4000001,8.5000001,yoplait,0,27,0
59,0,0,0,0,12.2,8.6000003,5.4000001,8.5000001,yoplait,0,27,0
59,0,0,0,0,12.2,6.4000003,5.4000001,8.6000003,yoplait,0,27,0
59,0,0,0,0,5.5,6.4000003,5.4000001,8.6000003,yoplait,0,27,0
59,0,0,0,0,5.5,6.4000003,5.4000001,8.6000003,yoplait,0,27,0
59,0,0,0,0,11.5,6.3000001,6.1000001,4.1000001,dannon,0,27,0
59,0,0,0,0,11.5,6.3000001,6.1000001,4.1000001,dannon,0,27,0
59,0,0,0,0,11.5,6.3000001,6.1000001,4.1000001,dannon,0,27,0
59,0,0,0,1,5.5,6.3000001,6.1000001,6.3000001,yoplait,0,27,0
59,0,0,0,1,5.5,6.3000001,6.1000001,6.3000001,yoplait,0,27,0
59,0,0,0,0,5.5,6.3000001,6.1000001,6.4000003,yoplait,0,27,0
59,0,0,0,0,11.5,6.3000001,6.1000001,6.3000001,dannon,0,27,0
59,0,0,0,0,11.5,6.3000001,6.1000001,6.3000001,dannon,0,27,0
60,0,0,0,0,10.3,8.1,6.6,8.1,dannon,0,61,1
60,0,0,0,0,10.8,4.8999999,5.0000001,7.9000004,dannon,0,61,1
60,0,1,0,0,10.8,4.8999999,5.0000001,3.0999999,dannon,0,61,1
60,0,0,0,0,10.8,4.8999999,5.0000001,3.3,dannon,0,61,1
61,0,0,0,0,10.8,4.8999999,5.0000001,7.9000004,dannon,0,35,1
61,0,0,0,0,10.3,9.7999997,4.8999999,7.9000004,yoplait,0,35,1
61,0,0,0,0,10.8,8.1,6.1000001,8.6000003,yoplait,0,35,1
61,0,0,0,0,10.3,9.7999997,4.8999999,7.9000004,yoplait,0,35,1
61,0,0,0,0,11.5,9.7999997,4.8999999,7.9000004,yoplait,0,35,1
61,0,0,0,0,12.2,8.6000003,5.0000001,8.6000003,weight,0,35,1
61,0,0,0,0,8.2999997,8.6000003,6.1000001,6.3000001,yoplait,0,35,1
61,0,0,0,0,8.2999997,8.6000003,6.1000001,6.3000001,yoplait,0,35,1
62,0,0,0,0,11.5,8.6000003,5.4000001,7.9000004,yoplait,1,31,1
62,1,0,0,0,11.5,8.6000003,5.4000001,7.9000004,yoplait,1,31,1
62,1,0,0,0,8.6999997,8.6000003,5.4000001,7.9000004,dannon,1,31,1
62,0,0,0,0,8.3999999,8.6000003,5.4000001,7.9000004,dannon,1,31,1
62,0,0,0,0,8.3999999,8.6000003,5.4000001,7.9000004,dannon,1,31,1
62,1,0,0,0,11.5,8.6000003,5.4000001,7.9000004,dannon,1,31,1
62,1,0,0,0,11.5,8.6000003,5.4000001,7.9000004,dannon,1,31,1
62,1,0,0,0,11.5,8.6000003,5.4000001,7.9000004,dannon,1,31,1
62,0,0,0,0,10.8,8.6000003,5.4000001,7.9000004,dannon,1,31,1
62,0,0,0,0,10.8,8.6000003,5.4000001,7.9000004,dannon,1,31,1
62,0,0,0,0,10.8,8.6000003,5.4000001,7.9000004,dannon,1,31,1
62,0,0,0,0,10.8,8.6000003,5.4000001,7.9000004,dannon,1,31,1
62,0,0,0,0,10.8,8.6000003,2.5,7.9000004,dannon,1,31,1
62,0,0,0,0,10.8,8.6000003,2.5,7.9000004,dannon,1,31,1
62,1,0,0,0,10.8,8.6000003,5.4000001,7.9000004,weight,1,31,1
62,1,0,0,0,10.8,8.6000003,5.4000001,7.9000004,weight,1,31,1
62,0,0,0,0,12.2,8.6000003,5.4000001,7.9000004,weight,1,31,1
62,0,1,0,0,12.2,8.6000003,2.5,8.3999999,dannon,1,31,1
62,0,1,0,0,12.2,8.6000003,2.5,8.3999999,dannon,1,31,1
62,0,0,0,0,12.2,6.3000001,5.4000001,8.6000003,dannon,1,31,1
62,0,0,0,0,11.5,8.6000003,6.1000001,7.9000004,dannon,1,31,1
62,0,0,0,0,11.5,8.6000003,6.1000001,7.9000004,dannon,1,31,1
63,0,1,0,0,10.3,6.1000001,4.8999999,7.9000004,dannon,0,35,0
63,0,1,0,0,10.8,4.8999999,3.5999998,7.9000004,dannon,0,35,0
63,0,0,0,1,11.5,8.6000003,6.1000001,6.3000001,weight,0,35,0
63,0,0,0,0,10.8,8.6000003,5.0000001,7.9000004,weight,0,35,0
64,0,0,0,0,12.2,8.6000003,6.1000001,8.6000003,weight,1,33,1
64,0,0,0,0,12.2,8.6000003,6.1000001,8.6000003,yoplait,1,33,1
64,0,0,0,0,12.2,8.6000003,6.1000001,8.6000003,weight,1,33,1
64,0,0,0,0,12.2,8.6000003,6.1000001,8.6000003,weight,1,33,1
64,0,0,0,0,12.2,8.6000003,6.1000001,8.6000003,weight,1,33,1
64,0,0,0,0,12.2,8.6000003,6.1000001,8.6000003,weight,1,33,1
64,0,0,0,0,12.2,8.6000003,6.1000001,8.6000003,weight,1,33,1
64,0,0,0,0,12.2,8.6000003,6.1000001,8.6000003,weight,1,33,1
64,0,0,0,0,12.2,8.6000003,6.1000001,8.6000003,weight,1,33,1
64,0,0,0,0,12.2,8.6000003,6.1000001,8.6000003,weight,1,33,1
64,0,0,0,0,12.2,8.6000003,6.1000001,8.6000003,weight,1,33,1
64,0,0,0,0,12.2,8.6000003,6.1000001,8.6000003,weight,1,33,1
64,0,0,0,0,12.2,8.6000003,6.1000001,8.6000003,weight,1,33,1
64,0,0,0,0,12.2,8.6000003,6.1000001,8.6000003,weight,1,33,1
64,0,0,0,0,12.2,8.6000003,6.1000001,8.6000003,weight,1,33,1
64,0,0,0,0,12.2,8.6000003,6.1000001,8.6000003,weight,1,33,1
64,0,0,0,0,12.2,8.6000003,6.1000001,8.6000003,weight,1,33,1
64,0,0,0,0,12.2,8.6000003,6.1000001,8.6000003,weight,1,33,1
64,0,0,0,0,12.2,8.6000003,6.1000001,8.6000003,weight,1,33,1
64,0,0,0,0,12.2,8.6000003,6.1000001,8.6000003,weight,1,33,1
64,0,0,0,0,12.2,8.6000003,6.1000001,8.6000003,weight,1,33,1
64,0,0,0,0,12.2,8.6000003,6.1000001,8.6000003,weight,1,33,1
64,0,0,0,0,12.2,8.6000003,6.1000001,8.6000003,weight,1,33,1
64,0,0,0,0,12.2,8.6000003,6.1000001,8.6000003,weight,1,33,1
64,0,0,0,0,12.2,8.6000003,6.1000001,8.6000003,weight,1,33,1
65,0,0,0,0,10.3,9.7999997,4.8999999,7.9000004,yoplait,1,49,0
65,0,0,0,0,11.5,8.1,4.8999999,7.9000004,yoplait,1,49,0
65,0,0,0,0,8.2000002,8.2999997,4.3000001,7.9000004,yoplait,1,49,0
65,1,0,0,0,3.3,8.6000003,5.4000001,7.9000004,yoplait,1,49,0
65,0,0,0,0,8.2999997,8.6000003,5.4000001,7.9000004,yoplait,1,49,0
65,0,0,0,0,8.2999997,8.6000003,5.4000001,7.9000004,yoplait,1,49,0
65,1,0,0,0,11.5,8.6000003,5.4000001,7.9000004,yoplait,1,49,0
65,1,0,0,0,11.5,8.6000003,5.4000001,7.9000004,yoplait,1,49,0
65,0,0,0,0,10.8,8.6000003,2.5,7.9000004,yoplait,1,49,0
65,0,0,1,0,6.7000002,8.6000003,3.0999999,7.9000004,yoplait,1,49,0
65,0,0,0,0,10.8,8.6000003,5.4000001,7.9000004,dannon,1,49,0
65,0,0,0,0,12,5.5,5.4000001,7.9000004,dannon,1,49,0
65,0,0,0,0,8.8,8.6000003,5.4000001,7.9000004,yoplait,1,49,0
65,0,0,0,0,12.2,6.8999998,5.4000001,8.6000003,yoplait,1,49,0
65,0,0,0,0,10.8,8.6000003,3.0999999,7.9000004,yoplait,1,49,0
65,0,0,0,0,11.5,8.6000003,6.1000001,7.9000004,yoplait,1,49,0
65,1,0,0,0,8.2000002,8.6000003,6.1000001,7.9000004,yoplait,1,49,0
65,0,0,0,1,11.5,5.4000001,6.1000001,6.3000001,yoplait,1,49,0
65,0,0,0,0,11.5,6.3000001,6.1000001,6.3000001,yoplait,1,49,0
65,0,0,0,0,11.5,6.3000001,6.1000001,6.3000001,yoplait,1,49,0
65,0,0,0,0,8.2999997,6.6,6.1000001,6.3000001,yoplait,1,49,0
66,0,1,0,0,10.8,4.8999999,5.0000001,7.9000004,dannon,1,59,1
66,0,0,0,0,10.9,8.1,5.0000001,7.9999998,dannon,1,59,1
66,0,0,0,0,10.8,8.1,5.0000001,7.9000004,dannon,1,59,1
66,0,0,0,0,10.3,8.1,5.0000001,7.7,dannon,1,59,1
66,0,0,0,0,10.8,8.1,5.0000001,7.9000004,dannon,1,59,1
66,0,0,0,0,10.8,8.1,5.0000001,7.9000004,dannon,1,59,1
67,0,0,0,0,10.8,9.7999997,5.0000001,7.9000004,yoplait,1,67,0
67,0,0,0,0,10.8,9.7999997,5.0000001,7.9000004,yoplait,1,67,0
67,0,0,0,0,10.8,8.1,5.0000001,7.9000004,yoplait,1,67,0
67,0,0,0,0,10.8,8.1,5.0000001,7.9000004,yoplait,1,67,0
67,0,0,0,0,10.8,6.3000001,5.0000001,7.9000004,yoplait,1,67,0
68,0,0,0,0,12.2,8.6000003,5.0000001,8.6000003,dannon,0,64,1
68,0,0,0,0,12.2,8.6000003,5.0000001,8.6000003,dannon,0,64,1
68,0,0,0,0,12.2,8.6000003,5.0000001,8.6000003,dannon,0,64,1
68,0,0,0,0,12.2,8.6000003,5.0000001,8.6000003,dannon,0,64,1
68,0,0,0,0,12.2,8.6000003,5.0000001,8.6000003,dannon,0,64,1
68,0,0,0,0,12.2,8.6000003,5.0000001,8.6000003,dannon,0,64,1
68,0,0,0,0,12.2,8.6000003,5.0000001,8.6000003,dannon,0,64,1
68,0,0,0,0,12.2,8.6000003,5.0000001,8.6000003,dannon,0,64,1
68,0,0,0,0,12.2,8.6000003,5.0000001,8.6000003,dannon,0,64,1
68,0,0,0,0,12.2,8.6000003,5.0000001,8.6000003,weight,0,64,1
68,0,0,0,0,12.2,8.6000003,5.0000001,8.6000003,dannon,0,64,1
68,0,0,0,0,12.2,8.6000003,5.0000001,8.6000003,dannon,0,64,1
68,0,0,0,0,12.2,8.6000003,5.0000001,8.6000003,dannon,0,64,1
68,0,0,0,0,12.2,8.6000003,5.0000001,8.6000003,dannon,0,64,1
68,0,0,0,0,12.2,8.6000003,5.0000001,8.6000003,dannon,0,64,1
68,0,0,0,0,12.2,8.6000003,5.0000001,8.6000003,dannon,0,64,1
68,0,0,0,0,12.2,8.6000003,5.0000001,8.6000003,dannon,0,64,1
68,0,0,0,0,12.2,8.6000003,5.0000001,8.6000003,dannon,0,64,1
68,0,0,0,0,12.2,8.6000003,5.0000001,8.6000003,dannon,0,64,1
69,0,0,0,0,11,7.4000001,6.1000001,8.1,dannon,1,27,0
69,0,0,0,0,9.7999997,7.4000001,6.1000001,8.1,dannon,1,27,0
69,0,0,0,0,9.7999997,7.5000003,6.6,8.1,hiland,1,27,0
69,0,0,0,0,9.7999997,8.1,6.6,7.9000004,dannon,1,27,0
69,0,0,0,0,9.7999997,8.1,6.6,7.9000004,dannon,1,27,0
69,0,0,0,0,10.3,8.1,6.6,7.9000004,dannon,1,27,0
69,0,0,0,0,10.3,8.1,6.6,7.9000004,dannon,1,27,0
69,0,0,0,0,10.3,8.1,6.6,7.9000004,dannon,1,27,0
69,0,0,0,0,10.3,8.1,6.6,7.9000004,dannon,1,27,0
69,0,0,0,0,9.8999999,8.1,7,7.9000004,dannon,1,27,0
69,0,0,0,0,10.3,8.1,6.6,7.9000004,dannon,1,27,0
69,0,0,0,0,10.3,8.1,5.4000001,7.9000004,dannon,1,27,0
69,0,0,0,0,10.3,8.1,4.8999999,7.9000004,dannon,1,27,0
69,0,0,0,0,12.2,8.1,4.8999999,6.1000001,dannon,1,27,0
69,0,0,0,0,10.4,8.1,4.8999999,8.8,dannon,1,27,0
69,0,0,0,0,10.3,8.1,4.8999999,7.9000004,dannon,1,27,0
69,0,0,0,0,12.5,8.1,4.8999999,7.9000004,dannon,1,27,0
69,0,0,0,0,10.3,8.1,4.8999999,7.9000004,dannon,1,27,0
69,0,0,0,0,10.3,8.1,4.8999999,7.9000004,dannon,1,27,0
69,0,0,0,0,10.3,8.1,4.8999999,7.9000004,dannon,1,27,0
69,0,0,0,0,9.7999997,8.1,4.8999999,7.9000004,dannon,1,27,0
69,0,0,0,0,9.7999997,8.1,4.8999999,7.9000004,dannon,1,27,0
70,0,0,0,0,12.5,7.4000001,5.0000001,8.6000003,weight,0,56,1
70,0,0,0,0,12.5,7.4000001,5.0000001,8.6000003,weight,0,56,1
70,0,0,0,0,12.5,7.4000001,5.0000001,8.6000003,weight,0,56,1
70,0,0,0,0,12.5,7.4000001,5.0000001,8.6000003,weight,0,56,1
70,0,0,0,0,10.8,7.4000001,5.0000001,8.6000003,weight,0,56,1
70,0,0,0,0,10.8,7.4000001,5.0000001,8.6000003,weight,0,56,1
70,0,0,0,0,10.8,8.1,5.0000001,7.9000004,weight,0,56,1
70,0,0,0,0,10.8,8.1,5.0000001,7.9000004,weight,0,56,1
70,0,0,0,0,10.8,8.1,5.0000001,7.9000004,weight,0,56,1
70,0,0,0,0,11.6,7.9999998,5.0000001,7.9000004,weight,0,56,1
70,0,0,0,0,11.6,7.9999998,5.0000001,7.9000004,weight,0,56,1
70,0,0,0,0,11.6,7.9999998,5.0000001,7.9000004,weight,0,56,1
70,0,0,0,0,10.8,8.1,5.0000001,7.9000004,weight,0,56,1
70,0,0,0,0,10.8,8.1,5.0000001,7.9000004,weight,0,56,1
70,0,0,0,0,10.8,8.1,5.0000001,7.9000004,weight,0,56,1
70,0,0,0,0,10.8,8.1,5.0000001,7.9000004,weight,0,56,1
70,0,0,0,0,10.8,8.1,5.0000001,7.9000004,weight,0,56,1
70,0,0,0,0,10.8,8.1,5.0000001,7.9000004,weight,0,56,1
70,0,0,0,0,10.9,8.1,5.0000001,2.8999999,weight,0,56,1
70,0,0,0,0,10.9,8.1,5.0000001,7.9000004,weight,0,56,1
70,0,0,0,0,10.9,8.1,5.0000001,7.9000004,weight,0,56,1
70,0,0,0,0,10.8,8.1,5.0000001,7.9000004,weight,0,56,1
70,0,0,0,0,10.8,8.1,5.0000001,7.9000004,weight,0,56,1
70,0,0,0,0,10.8,8.1,5.0000001,7.9000004,weight,0,56,1
70,0,0,0,0,10.8,8.1,5.0000001,7.9000004,weight,0,56,1
70,0,0,0,0,10.8,8.1,5.0000001,7.9000004,weight,0,56,1
70,0,0,0,0,10.8,8.1,5.0000001,4.8,weight,0,56,1
70,0,0,0,0,10.3,8.1,5.0000001,7.9000004,weight,0,56,1
70,0,0,0,0,10.3,8.1,5.0000001,7.9000004,weight,0,56,1
70,0,0,0,1,10.8,8.1,5.0000001,7.4000001,weight,0,56,1
70,0,0,0,1,10.8,8.1,5.0000001,7.4000001,weight,0,56,1
70,0,0,0,0,11.5,8.1,5.0000001,8.6000003,weight,0,56,1
70,0,0,0,0,11.5,8.1,5.0000001,8.6000003,weight,0,56,1
70,0,0,0,0,11.5,8.1,5.0000001,8.6000003,weight,0,56,1
70,0,0,0,0,10.8,8.1,5.0000001,8.6000003,weight,0,56,1
70,0,0,0,0,10.9,6.1999999,5.0000001,8.6000003,weight,0,56,1
70,0,0,0,0,10.9,6.1999999,5.0000001,8.6000003,weight,0,56,1
70,0,0,0,0,10.8,8.1,5.0000001,8.6000003,weight,0,56,1
70,0,0,0,0,10.8,8.1,5.0000001,8.6000003,weight,0,56,1
70,0,0,0,0,10.8,8.1,5.0000001,8.6000003,weight,0,56,1
70,0,0,0,0,10.8,8.1,5.0000001,7.9000004,weight,0,56,1
70,0,0,0,0,10.3,8.1,4.8999999,7.9000004,weight,0,56,1
70,0,0,0,0,12.5,8.1,4.8999999,7.9000004,weight,0,56,1
70,0,0,0,0,10.8,8.6000003,5.0000001,8.6000003,weight,0,56,1
70,0,0,0,0,10.3,8.1,4.8999999,7.9000004,weight,0,56,1
70,0,0,0,0,10.8,5.7,5.0000001,8.6000003,weight,0,56,1
70,0,0,0,0,10.8,5.7,5.0000001,8.6000003,weight,0,56,1
70,0,0,0,0,10.8,5.7,5.0000001,8.6000003,weight,0,56,1
70,0,0,0,0,10.8,8.1,5.0000001,8.6000003,weight,0,56,1
70,0,0,0,0,10.8,8.1,5.0000001,8.1,weight,0,56,1
70,0,0,0,0,10.8,8.1,5.0000001,8.1,weight,0,56,1
70,0,0,0,0,10.3,8.1,4.8999999,7.9000004,weight,0,56,1
70,0,0,0,0,10.3,8.1,4.8999999,7.9000004,weight,0,56,1
70,0,0,0,0,10.8,8.1,5.0000001,8.1,weight,0,56,1
70,0,0,0,0,10.8,8.1,5.0000001,8.1,weight,0,56,1
70,0,0,0,0,10.8,8.1,5.0000001,8.1,weight,0,56,1
70,0,0,0,0,10.8,8.1,5.0000001,8.1,weight,0,56,1
70,0,0,0,0,10.8,8.1,5.0000001,8.1,weight,0,56,1
70,0,0,0,0,10.8,8.1,5.0000001,8.1,weight,0,56,1
70,0,0,0,0,10.8,8.1,5.0000001,8.1,weight,0,56,1
70,0,0,0,0,11.5,8.1,5.0000001,8.1,weight,0,56,1
70,0,0,0,0,11.5,8.1,5.0000001,8.1,weight,0,56,1
70,0,0,0,0,10.8,8.1,5.0000001,8.1,weight,0,56,1
70,0,0,0,0,10.8,8.1,5.0000001,8.1,weight,0,56,1
70,0,0,0,0,10.8,8.1,5.0000001,8.1,weight,0,56,1
70,0,0,0,0,11.7,8.6000003,5.0000001,8.1,weight,0,56,1
70,0,0,0,0,11.7,8.6000003,5.0000001,8.6000003,weight,0,56,1
70,0,0,0,0,12.5,8.6000003,5.0000001,8.6000003,weight,0,56,1
70,0,0,0,0,12.5,8.6000003,5.0000001,8.6000003,weight,0,56,1
70,0,0,0,0,12.2,8.6000003,5.0000001,8.6000003,weight,0,56,1
70,0,0,0,0,12.2,8.6000003,5.0000001,8.6000003,weight,0,56,1
70,0,0,0,0,12.2,8.6000003,5.0000001,8.6000003,weight,0,56,1
70,0,0,0,0,12.2,8.6000003,5.0000001,8.6000003,weight,0,56,1
70,0,0,0,0,12.2,8.6000003,5.0000001,8.6000003,weight,0,56,1
70,0,0,0,0,12.2,8.6000003,5.0000001,8.6000003,weight,0,56,1
70,0,0,0,0,12.2,8.6000003,5.0000001,8.6000003,weight,0,56,1
70,0,0,0,0,12.2,8.6000003,5.0000001,8.6000003,weight,0,56,1
70,0,0,0,0,10.8,8.6000003,5.4000001,7.9000004,weight,0,56,1
70,0,0,0,0,12.2,8.6000003,5.0000001,8.6000003,weight,0,56,1
70,0,0,0,0,12.2,8.6000003,5.0000001,8.6000003,weight,0,56,1
70,0,0,0,0,12.2,8.6000003,5.0000001,8.6000003,weight,0,56,1
70,0,0,0,0,12.2,8.6000003,5.0000001,8.6000003,weight,0,56,1
70,0,0,0,0,12.2,8.6000003,5.0000001,8.6000003,weight,0,56,1
70,0,0,0,0,7.1999997,8.6000003,5.0000001,8.6000003,weight,0,56,1
70,0,0,0,0,7.1999997,8.6000003,5.0000001,8.6000003,weight,0,56,1
70,0,0,0,0,10.8,8.6000003,5.4000001,7.9000004,weight,0,56,1
70,0,0,0,1,5.5,8.6000003,5.0000001,8.6000003,weight,0,56,1
70,0,0,0,1,5.5,8.6000003,5.0000001,8.6000003,weight,0,56,1
70,0,0,0,1,5.5,8.6000003,5.0000001,8.6000003,weight,0,56,1
70,1,0,0,0,8.2999997,8.6000003,5.0000001,6.8000004,weight,0,56,1
70,1,0,0,0,8.2999997,8.6000003,5.0000001,6.8000004,weight,0,56,1
70,0,0,0,0,11.5,8.6000003,5.0000001,8.6000003,weight,0,56,1
70,0,0,1,0,10.8,8.6000003,2.5,7.9000004,weight,0,56,1
70,0,0,0,0,12.2,8.6000003,5.0000001,8.6000003,weight,0,56,1
70,0,0,0,0,12.2,8.6000003,5.0000001,8.6000003,weight,0,56,1
70,0,0,0,0,12.2,8.6000003,5.0000001,8.6000003,weight,0,56,1
70,0,0,0,0,12.2,8.6000003,5.0000001,8.6000003,weight,0,56,1
70,0,0,0,0,12.2,8.6000003,5.0000001,8.6000003,weight,0,56,1
70,0,0,0,0,12.2,8.6000003,5.0000001,8.6000003,weight,0,56,1
70,0,0,0,0,12.2,8.6000003,5.0000001,8.6000003,weight,0,56,1
70,0,0,0,0,12.2,8.6000003,5.0000001,8.6000003,weight,0,56,1
70,0,0,0,0,12.2,8.6000003,5.0000001,8.6000003,weight,0,56,1
70,0,0,0,0,12.2,8.6000003,5.0000001,8.6000003,weight,0,56,1
70,0,0,0,0,12.2,8.6000003,5.0000001,8.6000003,weight,0,56,1
70,0,0,0,0,12.2,8.6000003,5.0000001,8.6000003,weight,0,56,1
70,0,0,0,0,12.2,8.6000003,5.0000001,8.6000003,weight,0,56,1
70,0,0,0,0,12.2,8.6000003,5.0000001,8.6000003,weight,0,56,1
70,0,0,0,0,12.2,8.6000003,5.0000001,8.6000003,weight,0,56,1
70,0,0,0,0,12.2,8.6000003,5.0000001,8.6000003,weight,0,56,1
70,0,0,0,0,12.2,8.6000003,5.0000001,8.6000003,weight,0,56,1
70,0,0,0,0,12.2,8.6000003,5.0000001,8.6000003,weight,0,56,1
70,0,0,0,0,12.2,8.6000003,5.0000001,8.6000003,weight,0,56,1
70,0,0,0,0,12.2,8.6000003,5.0000001,8.6000003,weight,0,56,1
70,0,0,0,0,12.2,8.6000003,5.0000001,8.6000003,weight,0,56,1
70,0,0,0,0,12.2,8.6000003,5.0000001,8.6000003,weight,0,56,1
70,0,0,0,0,12.2,8.6000003,5.0000001,8.6000003,weight,0,56,1
70,0,0,0,0,12.2,8.6000003,5.0000001,8.6000003,weight,0,56,1
70,0,0,0,0,12.2,8.6000003,5.0000001,8.6000003,weight,0,56,1
70,0,0,0,0,12.2,8.6000003,5.0000001,8.6000003,weight,0,56,1
70,0,0,0,0,12.2,8.6000003,5.0000001,8.6000003,weight,0,56,1
70,0,0,0,0,12.2,8.6000003,5.0000001,8.6000003,weight,0,56,1
70,0,0,0,0,12.2,8.6000003,5.0000001,8.6000003,weight,0,56,1
70,0,0,0,0,12.2,8.6000003,5.0000001,8.6000003,weight,0,56,1
70,0,0,0,0,12.2,8.6000003,5.0000001,8.6000003,weight,0,56,1
70,0,0,0,0,12.2,8.6000003,5.0000001,8.6000003,weight,0,56,1
70,0,0,0,0,12.2,8.6000003,5.0000001,8.6000003,weight,0,56,1
70,0,0,0,0,12.2,8.6000003,5.0000001,8.6000003,weight,0,56,1
71,0,1,0,0,10.8,9.3000002,5.0000001,7.9000004,yoplait,1,58,0
71,0,0,0,0,11.2,9.2,5.0000001,7.9000004,yoplait,1,58,0
71,0,0,0,0,11.2,8.1,6.6,7.9000004,yoplait,1,58,0
71,0,0,0,0,11.2,8.6000003,5.4000001,7.9000004,yoplait,1,58,0
71,0,0,0,0,11.5,8.6000003,2.5,7.9000004,hiland,1,58,0
71,0,0,0,0,11.5,8.6000003,2.5,7.9000004,hiland,1,58,0
71,0,0,0,0,11.5,8.6000003,3.0999999,7.9000004,hiland,1,58,0
72,0,0,0,0,9.7999997,7.4000001,6.1000001,8.1,dannon,0,55,0
72,0,0,0,0,9.7999997,7.4000001,6.1000001,8.1,dannon,0,55,0
72,0,0,0,0,10.3,8.1,6.6,7.9000004,dannon,0,55,0
72,0,0,0,0,10.3,8.1,6.6,7.9000004,dannon,0,55,0
72,0,0,0,0,10.3,8.1,4.8999999,7.9000004,dannon,0,55,0
72,0,0,0,0,10.3,8.1,4.8999999,7.9000004,dannon,0,55,0
72,0,0,0,0,10.3,8.1,4.8999999,7.9000004,dannon,0,55,0
72,0,1,0,0,4.4,6.1000001,5.0000001,7.9000004,dannon,0,55,0
72,0,0,0,0,10.3,8.1,4.8999999,7.9000004,dannon,0,55,0
72,0,0,0,0,10.3,8.1,4.8999999,7.9000004,dannon,0,55,0
72,0,0,0,0,10.3,8.1,4.8999999,7.9000004,dannon,0,55,0
72,0,0,0,0,10.8,8.1,4.8999999,7.9000004,dannon,0,55,0
72,0,0,0,0,10.8,8.6000003,5.0000001,7.9000004,dannon,0,55,0
72,0,0,0,0,10.8,4.1999999,5.0000001,7.9000004,dannon,0,55,0
72,0,1,0,0,10.8,4.8999999,5.0000001,7.9000004,dannon,0,55,0
72,0,0,0,0,10.8,8.6000003,5.4000001,7.9000004,dannon,0,55,0
72,0,0,0,0,10.8,8.6000003,5.4000001,7.9000004,dannon,0,55,0
72,0,0,0,0,10.8,8.6000003,5.0000001,7.9000004,dannon,0,55,0
72,0,0,0,0,10.8,5.5,5.0000001,7.9000004,dannon,0,55,0
72,0,0,0,0,10.8,5.5,5.0000001,7.9000004,dannon,0,55,0
72,0,0,0,0,10.8,8.6000003,3.5999998,7.9000004,dannon,0,55,0
73,0,0,0,1,11.5,8.1,6.1000001,7.4000001,dannon,1,46,0
73,0,0,0,0,10.8,9.7999997,6.6,8.6000003,yoplait,1,46,0
73,0,0,0,0,10.3,8.1,4.8999999,7.9000004,yoplait,1,46,0
73,0,0,0,0,10.3,8.1,4.8999999,7.9000004,yoplait,1,46,0
73,0,0,0,0,10.8,9.7999997,6.1000001,8.6000003,yoplait,1,46,0
73,0,0,0,0,10.8,9.7999997,6.6,8.6000003,yoplait,1,46,0
73,0,1,0,0,0.80000004,9.7999997,6.1000001,8.6000003,yoplait,1,46,0
73,0,1,0,0,10.8,9.7999997,6.1000001,8.6000003,yoplait,1,46,0
73,0,0,0,0,10.8,9.7999997,6.1000001,8.6000003,yoplait,1,46,0
73,0,0,0,0,0.80000004,9.7999997,6.1000001,8.6000003,yoplait,1,46,0
73,0,0,0,0,0.80000004,9.7999997,6.1000001,8.3999999,yoplait,1,46,0
73,0,0,0,0,10.8,9.7999997,6.1000001,8.3999999,yoplait,1,46,0
73,0,0,0,0,10.8,9.7999997,6.6,8.1,yoplait,1,46,0
73,0,0,0,0,10.8,9.7999997,6.6,8.1,yoplait,1,46,0
73,0,0,0,0,10.8,9.7999997,5.0000001,7.9000004,yoplait,1,46,0
73,0,0,0,0,10.8,9.7999997,6.1000001,8.1,yoplait,1,46,0
73,0,0,0,0,10.8,9.7999997,6.1000001,8.1,yoplait,1,46,0
73,0,0,0,0,10.8,9.7999997,6.1000001,8.1,yoplait,1,46,0
73,0,0,0,0,2.5,9.7999997,6.1000001,8.1,yoplait,1,46,0
73,0,0,0,0,8.2999997,9.7999997,6.1000001,8.1,yoplait,1,46,0
73,0,0,0,0,6.7000002,8.1,6.1000001,8.1,yoplait,1,46,0
73,0,0,0,0,6.7000002,8.1,6.1000001,8.1,yoplait,1,46,0
73,0,0,0,0,10.8,8.1,5.0000001,7.9000004,dannon,1,46,0
73,0,0,0,0,10.8,8.1,6.1000001,8.1,yoplait,1,46,0
73,0,0,0,0,12.2,8.6000003,6.1000001,8.6000003,yoplait,1,46,0
73,0,0,0,0,5.5,8.6000003,6.1000001,8.6000003,yoplait,1,46,0
73,0,0,0,0,8.8,8.6000003,6.1000001,8.6000003,yoplait,1,46,0
73,0,0,0,0,10.8,8.6000003,5.4000001,7.9000004,yoplait,1,46,0
73,0,0,0,1,12.2,8.6000003,6.1000001,6.8000004,yoplait,1,46,0
73,0,0,0,1,5.5,8.6000003,6.1000001,6.8000004,yoplait,1,46,0
73,0,0,0,0,11.5,7.4000001,6.1000001,7.9000004,yoplait,1,46,0
73,0,0,0,0,8.8,8.6000003,6.1000001,8.6000003,yoplait,1,46,0
73,0,0,0,0,8.8,8.6000003,6.1000001,8.6000003,yoplait,1,46,0
73,0,0,0,0,12.2,8.6000003,6.1000001,8.6000003,yoplait,1,46,0
74,0,0,0,0,11.5,8.1,5.0000001,8.1,dannon,1,45,0
74,0,0,0,0,11.5,8.1,5.0000001,8.1,dannon,1,45,0
74,0,0,0,0,11.5,8.1,5.0000001,8.1,dannon,1,45,0
74,0,0,0,0,11,8.1,5.0000001,8.1,dannon,1,45,0
74,0,0,0,0,11,8.1,5.0000001,8.1,dannon,1,45,0
74,0,0,0,0,11,8.1,5.0000001,8.1,dannon,1,45,0
74,0,0,0,0,11,8.1,5.0000001,8.1,dannon,1,45,0
74,0,0,0,0,11,8.1,5.0000001,8.1,dannon,1,45,0
74,0,0,0,0,11.6,8.1,5.0000001,8.9000002,dannon,1,45,0
74,0,0,0,0,11.6,8.1,5.0000001,8.9000002,dannon,1,45,0
74,1,0,0,0,12.2,8.6000003,5.0000001,8.6000003,dannon,1,45,0
74,1,0,0,0,12.2,8.6000003,5.0000001,8.6000003,dannon,1,45,0
74,1,0,0,0,12.2,8.6000003,5.0000001,8.6000003,dannon,1,45,0
74,1,0,0,0,12.2,8.6000003,5.0000001,8.6000003,dannon,1,45,0
74,1,0,0,0,12.2,8.6000003,5.0000001,8.6000003,dannon,1,45,0
74,0,0,0,0,12.5,8.6000003,5.0000001,8.6000003,dannon,1,45,0
74,0,0,0,0,12.5,8.6000003,5.0000001,8.6000003,dannon,1,45,0
74,0,0,0,0,12.5,8.6000003,5.0000001,8.6000003,dannon,1,45,0
74,0,0,0,0,12.5,8.6000003,5.0000001,8.6000003,dannon,1,45,0
74,0,0,0,0,12.5,8.6000003,5.0000001,8.6000003,dannon,1,45,0
74,0,0,0,0,12.2,8.6000003,5.0000001,8.6000003,dannon,1,45,0
74,0,0,0,0,12.2,8.6000003,5.0000001,8.6000003,dannon,1,45,0
74,0,0,0,0,12.2,8.6000003,5.0000001,8.6000003,dannon,1,45,0
74,0,0,0,0,12.2,8.6000003,5.0000001,8.6000003,dannon,1,45,0
74,0,0,0,0,12.2,8.6000003,5.0000001,8.6000003,dannon,1,45,0
74,0,0,0,0,12.2,8.6000003,5.0000001,8.6000003,dannon,1,45,0
74,0,0,0,0,12.2,8.6000003,5.0000001,8.6000003,dannon,1,45,0
74,0,0,0,0,12.2,8.6000003,5.0000001,8.6000003,dannon,1,45,0
74,0,0,0,0,12.2,8.6000003,5.0000001,8.6000003,dannon,1,45,0
74,0,0,0,0,12.2,8.6000003,5.0000001,8.6000003,dannon,1,45,0
74,0,0,0,0,12.2,5.5,5.0000001,8.6000003,dannon,1,45,0
74,0,0,0,0,12.2,8.6000003,5.0000001,8.6000003,dannon,1,45,0
74,0,0,0,0,12.2,8.6000003,5.0000001,8.6000003,dannon,1,45,0
74,0,0,0,0,12.2,8.6000003,5.0000001,8.6000003,dannon,1,45,0
74,0,0,0,0,12.2,8.6000003,5.0000001,8.6000003,dannon,1,45,0
75,0,0,0,1,10.8,8.1,6.1000001,7.4000001,weight,1,34,1
75,0,0,0,0,11.5,8.1,6.1000001,7.4000001,weight,1,34,1
75,0,0,0,0,11.5,8.1,6.1000001,7.4000001,weight,1,34,1
75,0,0,0,0,10.3,8.1,4.8999999,7.9000004,weight,1,34,1
75,0,0,0,0,10.3,8.1,4.8999999,7.9000004,hiland,1,34,1
75,0,0,0,0,10.3,8.1,4.8999999,7.9000004,yoplait,1,34,1
75,0,0,0,0,10.3,8.1,4.8999999,7.9000004,yoplait,1,34,1
75,0,0,0,0,10.3,9.7999997,4.8999999,7.9000004,yoplait,1,34,1
75,0,0,0,0,10.8,8.1,6.1000001,8.6000003,yoplait,1,34,1
76,0,0,0,0,10.8,6.1000001,5.0000001,7.9000004,dannon,0,63,0
76,1,0,0,0,8.2999997,8.6000003,5.4000001,7.9000004,yoplait,0,63,0
76,0,1,0,0,10.8,4.8999999,5.0000001,7.9000004,dannon,0,63,0
76,0,0,1,0,13.2,8.6000003,2.5,7.9000004,hiland,0,63,0
76,0,0,1,0,10.8,8.6000003,2.5,7.9000004,hiland,0,63,0
76,0,0,1,0,10.8,8.6000003,3.0999999,7.9000004,hiland,0,63,0
76,0,0,0,1,11.8,8.6000003,5.6000002,6.3000001,weight,0,63,0
76,0,0,0,1,4.1999999,5.9,6.1000001,6.3000001,yoplait,0,63,0
77,0,0,0,0,10.3,7.4000001,6.1000001,8.1,dannon,0,59,0
77,0,0,0,0,10.8,8.1,6.6,7.9000004,dannon,0,59,0
77,0,0,0,0,10.8,8.1,6.6,7.9000004,dannon,0,59,0
77,0,0,0,0,12.7,8.1,6.1999999,7.9000004,dannon,0,59,0
77,0,0,0,0,10.8,8.1,6.6,7.9000004,dannon,0,59,0
77,0,0,0,0,10.8,8.1,6.6,7.9000004,dannon,0,59,0
77,0,0,0,1,10.8,8.1,6.1000001,7.5000003,dannon,0,59,0
77,0,0,0,1,10.8,8.1,6.1000001,7.5000003,dannon,0,59,0
77,0,0,0,1,10.8,8.1,6.1000001,7.5000003,dannon,0,59,0
77,0,0,0,0,11,8.1,6.1000001,7.9000004,dannon,0,59,0
77,0,0,0,0,11.5,6.3000001,6.1000001,8.6000003,dannon,0,59,0
77,0,0,0,0,11.5,6.3000001,6.1000001,8.6000003,dannon,0,59,0
77,0,0,0,0,11.5,6.3000001,6.1000001,8.6000003,dannon,0,59,0
77,0,0,0,0,10.8,8.1,6.1000001,8.1,dannon,0,59,0
77,0,0,0,0,10.8,8.1,6.1000001,8.1,dannon,0,59,0
77,0,0,0,0,10.8,8.1,6.1000001,8.1,dannon,0,59,0
77,0,0,0,0,10.8,8.1,6.1000001,8.1,dannon,0,59,0
77,0,0,0,0,10.8,8.1,6.1000001,8.1,dannon,0,59,0
77,0,0,0,0,10.8,8.1,6.1000001,8.1,dannon,0,59,0
77,0,0,0,0,10.8,8.1,6.1000001,8.1,dannon,0,59,0
77,0,0,0,0,10.8,8.1,6.6,8.1,dannon,0,59,0
77,0,0,0,0,10.8,8.1,6.6,8.1,dannon,0,59,0
77,0,0,0,0,10.8,8.1,6.6,8.1,dannon,0,59,0
77,0,0,0,0,10.8,8.1,6.6,8.1,dannon,0,59,0
77,0,0,0,0,10.8,8.1,6.1000001,8.6000003,dannon,0,59,0
77,0,0,0,0,10.8,8.1,6.1000001,8.6000003,dannon,0,59,0
77,0,0,0,0,10.8,8.1,6.1000001,8.6000003,dannon,0,59,0
77,0,0,0,0,10.8,8.1,6.1000001,8.1,dannon,0,59,0
77,0,0,0,0,10.8,8.1,6.1000001,8.1,dannon,0,59,0
77,0,0,0,0,10.8,8.1,6.1000001,8.1,dannon,0,59,0
77,0,0,0,0,12.2,8.6000003,6.1000001,8.6000003,dannon,0,59,0
77,0,0,0,0,12.2,8.6000003,6.1000001,8.6000003,dannon,0,59,0
77,0,0,0,0,12.2,8.6000003,6.1000001,8.6000003,dannon,0,59,0
77,0,0,0,0,12.2,8.6000003,6.1000001,8.6000003,dannon,0,59,0
77,0,0,0,0,12.2,8.6000003,6.1000001,8.6000003,dannon,0,59,0
77,0,0,0,0,12.2,8.6000003,6.1000001,8.6000003,dannon,0,59,0
77,0,0,0,0,12.2,8.6000003,6.1000001,8.6000003,dannon,0,59,0
77,0,0,0,0,12.2,8.6000003,6.1000001,8.6000003,dannon,0,59,0
78,0,1,0,0,10.8,4.8999999,5.0000001,7.9000004,dannon,0,41,0
78,0,0,0,0,10.3,8.1,3.3,7.9000004,dannon,0,41,0
78,0,0,0,0,10.3,8.1,3.3,7.9000004,dannon,0,41,0
78,0,0,0,0,10.8,8.1,6.1000001,7.9000004,hiland,0,41,0
78,0,1,0,0,10.3,8.1,4.8999999,7.9000004,dannon,0,41,0
78,0,1,0,0,10.3,6.1000001,4.8999999,7.9000004,dannon,0,41,0
78,0,0,0,0,11.5,8.1,4.8999999,7.9000004,dannon,0,41,0
79,0,0,0,0,12.5,9.7999997,4.8999999,7.9000004,yoplait,1,39,0
79,0,0,0,0,0.3,9.7999997,4.8999999,7.9000004,yoplait,1,39,0
79,0,0,0,0,0.3,9.7999997,4.8999999,7.9000004,yoplait,1,39,0
79,0,0,0,0,11.5,9.7999997,4.8999999,7.9000004,yoplait,1,39,0
79,0,0,0,0,11.5,9.7999997,4.8999999,7.9000004,yoplait,1,39,0
79,0,0,0,0,11.5,9.7999997,4.8999999,7.9000004,yoplait,1,39,0
79,0,0,0,0,11.5,9.7999997,4.8999999,7.9000004,yoplait,1,39,0
79,0,0,0,0,7.2999999,9.7999997,4.8999999,7.9000004,yoplait,1,39,0
79,0,0,0,0,7.2999999,9.7999997,4.8999999,7.9000004,yoplait,1,39,0
79,0,0,0,0,8.2000002,9.7999997,4.8999999,7.9000004,yoplait,1,39,0
79,0,0,0,0,8.2999997,8.6000003,5.4000001,7.9000004,yoplait,1,39,0
79,0,0,0,0,8.2999997,8.6000003,5.4000001,7.9000004,yoplait,1,39,0
79,0,0,0,0,4.1999999,8.6000003,5.4000001,7.9000004,yoplait,1,39,0
79,0,0,0,0,4.1999999,8.6000003,5.4000001,7.9000004,yoplait,1,39,0
79,0,1,0,0,10.8,5.5,5.0000001,7.9000004,dannon,1,39,0
79,0,1,0,0,10.8,5.5,5.0000001,7.9000004,dannon,1,39,0
79,0,0,0,0,10.8,8.6000003,5.0000001,7.9000004,dannon,1,39,0
80,0,0,0,0,10.8,8.6000003,5.4000001,7.9000004,yoplait,0,49,1
80,0,0,0,0,12.2,8.6000003,5.0000001,8.6000003,dannon,0,49,1
80,0,0,0,0,12.2,8.6000003,5.0000001,8.6000003,dannon,0,49,1
80,0,0,0,0,10.8,8.6000003,2.5,7.9000004,yoplait,0,49,1
80,0,0,0,0,10.8,8.6000003,2.5,7.9000004,yoplait,0,49,1
80,1,0,0,0,8.2999997,8.6000003,5.4000001,8.6000003,dannon,0,49,1
80,1,0,0,0,12.2,8.6000003,5.4000001,8.6000003,yoplait,0,49,1
80,0,0,0,1,11.5,8.6000003,5.6000002,6.3000001,yoplait,0,49,1
80,0,0,0,1,6.4999998,8.6000003,5.6000002,6.3000001,yoplait,0,49,1
80,0,0,0,0,11.5,6.3000001,6.1000001,6.3000001,dannon,0,49,1
80,0,0,0,0,11.5,6.3000001,6.1000001,6.3000001,dannon,0,49,1
81,0,0,0,0,10.3,8.1,5.0000001,7.9000004,weight,1,17,0
81,0,0,0,1,10.8,8.1,5.0000001,7.4000001,weight,1,17,0
81,0,0,0,0,10.8,8.1,5.0000001,7.9000004,weight,1,17,0
81,0,0,0,0,11.5,8.1,5.0000001,7.4000001,weight,1,17,0
81,0,0,0,0,11.5,8.1,5.0000001,8.6000003,weight,1,17,0
81,0,0,0,0,10.8,8.1,5.0000001,8.6000003,weight,1,17,0
81,0,0,0,0,10.8,8.1,5.0000001,8.6000003,weight,1,17,0
81,0,0,0,0,10.9,6.1999999,5.0000001,8.6000003,weight,1,17,0
81,0,0,0,0,11.5,6.8000004,5.0000001,8.6000003,weight,1,17,0
81,0,0,0,0,10.8,5.7,5.0000001,4.8999999,weight,1,17,0
81,0,0,0,0,10.8,8.1,5.0000001,8.6000003,weight,1,17,0
81,0,0,0,0,10.8,8.1,5.0000001,8.1,weight,1,17,0
81,0,0,0,0,10.8,8.1,5.0000001,8.1,weight,1,17,0
81,0,0,0,0,10.3,8.1,4.8999999,7.9000004,weight,1,17,0
81,0,0,0,0,10.8,8.1,5.0000001,8.1,weight,1,17,0
81,0,0,0,0,10.3,8.1,4.8999999,7.9000004,weight,1,17,0
81,0,0,0,0,10.8,8.1,5.0000001,8.1,weight,1,17,0
81,0,0,0,0,10.8,8.1,5.0000001,8.1,weight,1,17,0
81,0,0,0,0,10.8,8.1,5.0000001,8.1,weight,1,17,0
81,0,0,0,0,10.3,6.6,4.8999999,7.9000004,weight,1,17,0
81,0,0,0,0,10.3,6.6,4.8999999,7.9000004,weight,1,17,0
81,0,0,0,0,10.3,8.1,4.8999999,7.9000004,weight,1,17,0
81,0,0,0,0,10.9,8.2999997,5.0000001,8.1,weight,1,17,0
81,0,0,0,0,11.5,8.1,6.1000001,8.1,weight,1,17,0
81,0,0,0,0,10.8,8.1,5.0000001,8.1,weight,1,17,0
81,0,0,0,0,10.8,8.1,5.0000001,8.1,weight,1,17,0
81,0,0,0,0,10.8,8.1,5.0000001,8.1,weight,1,17,0
81,0,0,0,0,11.5,8.1,4.8999999,7.9000004,weight,1,17,0
81,0,0,0,0,11.5,8.1,4.8999999,7.9000004,weight,1,17,0
81,0,0,0,0,11.5,8.1,4.8999999,7.9000004,weight,1,17,0
81,0,0,0,0,11.5,8.1,5.0000001,8.1,weight,1,17,0
81,0,0,1,0,11.5,8.1,3.3,7.9000004,weight,1,17,0
81,0,0,0,0,10.8,8.1,5.0000001,8.1,weight,1,17,0
81,0,0,1,0,11.5,8.1,3.3,7.9000004,weight,1,17,0
81,0,0,0,0,10.8,8.1,5.0000001,8.1,weight,1,17,0
81,0,0,0,0,11.5,8.1,3.5,7.9000004,weight,1,17,0
81,0,0,0,0,11.7,8.6000003,5.0000001,8.6000003,weight,1,17,0
81,0,0,0,0,11.7,8.6000003,5.0000001,8.6000003,weight,1,17,0
81,0,0,0,0,11.5,8.6000003,5.4000001,7.9000004,weight,1,17,0
81,0,0,0,0,12.5,8.6000003,5.0000001,7.4000001,weight,1,17,0
81,0,0,0,0,11.5,8.6000003,5.4000001,7.9000004,weight,1,17,0
81,0,0,0,0,12.2,8.6000003,5.0000001,8.6000003,weight,1,17,0
81,0,0,0,0,12.2,8.6000003,5.0000001,8.6000003,weight,1,17,0
81,0,0,0,0,12.2,8.6000003,5.0000001,8.6000003,weight,1,17,0
81,0,0,0,0,12.2,8.6000003,5.0000001,8.6000003,weight,1,17,0
81,0,0,0,0,12.2,8.6000003,5.0000001,8.6000003,weight,1,17,0
81,0,0,0,0,3.7999999,8.6000003,5.0000001,8.6000003,yoplait,1,17,0
81,0,0,0,0,10.8,8.6000003,5.4000001,7.9000004,weight,1,17,0
81,1,0,0,0,5.5,8.6000003,5.0000001,8.6000003,weight,1,17,0
81,0,0,0,0,13.2,8.6000003,5.4000001,7.9000004,weight,1,17,0
81,0,0,0,1,5.5,8.6000003,5.0000001,6.8999998,weight,1,17,0
81,1,0,0,0,8.2999997,8.6000003,5.0000001,8.6000003,weight,1,17,0
81,0,0,0,0,11.5,8.6000003,5.0000001,8.6000003,weight,1,17,0
81,0,0,0,0,12.2,8.6000003,5.0000001,8.6000003,weight,1,17,0
81,1,0,0,0,12.2,8.6000003,5.0000001,4.8999999,weight,1,17,0
81,0,0,1,0,10.8,8.6000003,2.5,7.9000004,weight,1,17,0
81,0,0,0,0,12.2,8.6000003,5.0000001,8.6000003,weight,1,17,0
81,0,0,0,0,12.2,8.6000003,5.0000001,8.6000003,weight,1,17,0
81,0,0,0,0,12.2,8.6000003,5.0000001,8.6000003,weight,1,17,0
81,0,0,0,0,12.2,8.6000003,5.0000001,8.6000003,weight,1,17,0
81,0,0,0,0,12.2,8.6000003,5.0000001,8.6000003,weight,1,17,0
81,0,0,0,0,12,8.6000003,5.4000001,7.9000004,weight,1,17,0
81,0,0,0,0,12.2,8.6000003,5.0000001,8.6000003,weight,1,17,0
81,0,0,0,0,12.2,8.6000003,5.0000001,8.6000003,weight,1,17,0
81,0,0,0,0,12.2,8.6000003,5.0000001,8.6000003,weight,1,17,0
81,0,0,0,0,12.2,8.6000003,5.0000001,8.6000003,weight,1,17,0
81,0,1,0,0,12.2,5.9999999,2.5,8.6000003,weight,1,17,0
81,0,0,0,0,12.2,8.6000003,5.0000001,8.6000003,weight,1,17,0
81,0,0,0,0,12.2,8.6000003,5.0000001,8.6000003,weight,1,17,0
81,0,0,0,1,11.5,8.6000003,6.1000001,6.3000001,weight,1,17,0
81,0,0,0,0,12.5,8.6000003,5.0000001,8.6000003,weight,1,17,0
81,0,0,0,1,11.5,8.6000003,6.1000001,6.3000001,weight,1,17,0
81,0,0,0,0,12.2,8.6000003,5.0000001,8.6000003,weight,1,17,0
81,0,0,0,0,13.2,8.6000003,6.1000001,7.9000004,weight,1,17,0
81,0,0,0,0,12.2,8.6000003,5.0000001,8.6000003,weight,1,17,0
81,0,0,0,0,13.2,8.6000003,6.1000001,7.9000004,weight,1,17,0
81,0,0,0,0,12.2,8.6000003,5.0000001,8.6000003,weight,1,17,0
81,0,0,0,0,12.2,8.6000003,5.0000001,8.6000003,weight,1,17,0
81,0,0,0,0,12.2,8.6000003,5.0000001,8.6000003,weight,1,17,0
81,0,0,0,0,11.5,6.8000004,6.1000001,7.9000004,weight,1,17,0
81,0,0,0,0,12.2,8.6000003,5.0000001,8.6000003,weight,1,17,0
81,0,0,0,0,13.2,8.6000003,6.1000001,7.9000004,weight,1,17,0
81,0,0,0,0,12.2,8.6000003,5.0000001,8.6000003,weight,1,17,0
81,0,0,0,0,12.2,8.6000003,5.0000001,8.6000003,weight,1,17,0
81,1,0,0,0,11.5,8.6000003,6.1000001,7.9000004,weight,1,17,0
81,1,0,0,0,11.5,8.6000003,6.1000001,7.9000004,weight,1,17,0
81,0,0,0,0,12.2,8.6000003,5.0000001,8.6000003,weight,1,17,0
81,0,0,0,0,12.2,8.6000003,5.0000001,8.6000003,weight,1,17,0
81,0,0,0,0,12.2,8.6000003,5.0000001,8.6000003,weight,1,17,0
81,0,0,0,0,12.2,8.6000003,5.0000001,8.6000003,weight,1,17,0
81,0,0,0,0,12.2,8.6000003,5.0000001,8.6000003,weight,1,17,0
81,0,0,0,0,9.2,6.6,6.1000001,6.3000001,weight,1,17,0
82,0,0,0,0,12.2,6.3000001,5.4000001,8.6000003,dannon,0,69,0
82,0,0,0,0,5.5,8.6000003,6.1000001,6.4999998,dannon,0,69,0
82,0,1,0,0,11.5,8.6000003,6.1000001,7.9000004,dannon,0,69,0
82,0,0,1,0,11.5,6.3000001,6.1000001,4.1000001,weight,0,69,0
82,0,0,0,0,11.5,6.3000001,6.1000001,7.9000004,dannon,0,69,0
82,0,0,0,0,11.5,8.6000003,6.1000001,7.9000004,dannon,0,69,0
82,1,0,0,0,11.5,8.6000003,6.1000001,7.9000004,dannon,0,69,0
82,1,0,0,0,11.5,8.6000003,6.1000001,7.9000004,dannon,0,69,0
82,1,0,0,0,11.5,8.6000003,6.1000001,6.8000004,dannon,0,69,0
82,0,0,0,1,5.7,8.6000003,6.1000001,6.3000001,dannon,0,69,0
82,0,0,0,0,11.5,6.3000001,6.1000001,6.3000001,dannon,0,69,0
83,0,0,0,0,10.3,7.4000001,6.1000001,8.1,dannon,1,32,0
83,0,0,0,0,10.3,7.4000001,6.1000001,8.1,dannon,1,32,0
83,0,0,0,0,10.3,7.4000001,6.1000001,8.1,dannon,1,32,0
83,0,0,0,0,10.3,7.4000001,6.1000001,8.1,dannon,1,32,0
83,0,0,0,0,10.3,8.1,6.6,7.9000004,dannon,1,32,0
83,0,0,0,0,10.3,8.1,6.6,7.9000004,dannon,1,32,0
83,0,0,0,0,12.5,8.1,5.7999998,7.9000004,dannon,1,32,0
83,0,0,0,0,10.3,9.7999997,4.8999999,7.9000004,yoplait,1,32,0
83,0,0,0,0,10.3,9.7999997,4.8999999,7.9000004,yoplait,1,32,0
83,0,0,0,0,10.3,8.1,4.8999999,7.9000004,dannon,1,32,0
83,0,0,0,0,10.3,8.1,4.8999999,7.9000004,dannon,1,32,0
83,0,0,0,0,10.3,8.1,4.8999999,7.9000004,dannon,1,32,0
83,0,0,0,0,10.3,8.1,4.8999999,7.9000004,dannon,1,32,0
83,0,0,0,0,10.3,8.1,4.8999999,7.9000004,dannon,1,32,0
83,0,0,0,0,10.3,8.1,4.8999999,7.9000004,dannon,1,32,0
83,0,0,0,0,19.3,8.1,5.0000001,7.9999998,dannon,1,32,0
83,0,0,0,0,11.3,8.1,5.0000001,9.0999998,dannon,1,32,0
83,0,0,0,0,11.5,9.7999997,4.8999999,7.9000004,yoplait,1,32,0
83,1,0,0,0,8.2999997,8.6000003,5.4000001,7.9000004,yoplait,1,32,0
83,0,0,0,0,10.8,8.6000003,5.4000001,7.9000004,dannon,1,32,0
83,0,0,0,0,10.8,8.6000003,5.4000001,7.9000004,dannon,1,32,0
83,0,0,0,0,10.8,8.6000003,5.4000001,7.9000004,dannon,1,32,0
83,0,0,1,0,13.2,8.6000003,2.5,7.9000004,dannon,1,32,0
83,0,0,0,0,12.2,8.6000003,5.0000001,8.6000003,dannon,1,32,0
83,0,0,0,0,10.8,8.6000003,5.4000001,7.9000004,dannon,1,32,0
83,0,0,0,0,12.2,8.6000003,5.4000001,7.9000004,dannon,1,32,0
83,0,0,0,0,12.2,8.6000003,5.4000001,7.9000004,dannon,1,32,0
83,0,0,0,0,12.2,8.6000003,5.4000001,7.9000004,dannon,1,32,0
83,1,0,0,0,8.2999997,4.8999999,5.4000001,8.6000003,dannon,1,32,0
83,0,0,0,0,12.2,8.6000003,5.4000001,7.9000004,yoplait,1,32,0
83,1,0,0,0,11.5,8.6000003,6.1000001,4.3000001,dannon,1,32,0
83,1,0,0,0,11.5,8.6000003,6.1000001,4.3000001,dannon,1,32,0
84,0,0,0,0,11.5,8.1,4.8999999,7.9000004,hiland,1,19,0
84,0,0,1,0,3.7,8.1,6.6,7.9000004,yoplait,1,19,0
84,0,0,0,0,3.2000002,8.1,4.8999999,7.9000004,yoplait,1,19,0
84,0,0,0,0,3.2000002,8.1,6.6,8.6000003,yoplait,1,19,0
84,1,0,0,0,8.2999997,8.6000003,5.4000001,7.9000004,yoplait,1,19,0
84,0,0,0,0,10.8,8.6000003,5.4000001,7.9000004,weight,1,19,0
84,1,0,0,0,3.3,8.6000003,5.4000001,7.9000004,yoplait,1,19,0
84,0,0,1,0,11.2,8.6000003,2.5,8.6000003,hiland,1,19,0
84,0,0,0,0,8.2999997,8.6000003,5.4000001,7.9000004,hiland,1,19,0
84,0,0,1,0,11.2,8.6000003,4.1999999,7.9000004,hiland,1,19,0
84,0,0,1,0,10.8,8.6000003,2.5,7.9000004,hiland,1,19,0
84,0,0,1,0,11.2,8.6000003,4.1999999,7.9000004,hiland,1,19,0
84,0,0,0,0,11.8,8.6000003,5.4000001,7.9000004,dannon,1,19,0
84,0,0,1,0,11.2,8.6000003,3.0999999,7.9000004,hiland,1,19,0
84,0,0,0,1,11.5,4.1000001,6.1000001,6.3000001,weight,1,19,0
84,1,0,0,0,8.2999997,8.6000003,6.1000001,4.3000001,yoplait,1,19,0
84,0,0,0,1,5.7,2.5,6.1000001,6.3000001,dannon,1,19,0
84,0,0,0,0,8.2999997,6.3000001,6.1000001,6.3000001,yoplait,1,19,0
85,0,0,1,0,0.80000004,8.6000003,2.5,7.9000004,yoplait,0,57,0
85,0,0,1,0,13.2,8.6000003,2.5,7.9000004,hiland,0,57,0
85,0,0,0,0,10.8,8.6000003,4.5000002,7.9000004,yoplait,0,57,0
85,1,0,0,0,8.2999997,8.6000003,5.4000001,7.9000004,yoplait,0,57,0
85,0,0,0,0,8.2999997,8.6000003,5.4000001,7.9000004,yoplait,0,57,0
85,0,0,0,0,8.2999997,8.6000003,5.4000001,7.9000004,yoplait,0,57,0
85,0,0,0,0,12.2,8.6000003,5.4000001,7.9000004,yoplait,0,57,0
85,0,0,0,0,12.2,8.6000003,5.4000001,8.3999999,yoplait,0,57,0
85,1,0,0,0,12.2,8.6000003,5.4000001,8.6000003,yoplait,0,57,0
85,0,0,0,0,12.2,5.6000002,5.4000001,8.6000003,yoplait,0,57,0
85,0,0,0,0,11.5,8.6000003,6.1000001,6.4999998,yoplait,0,57,0
85,0,0,1,0,11.5,6.3000001,6.1000001,7.9000004,weight,0,57,0
85,0,0,1,0,11.5,6.3000001,6.1000001,7.9000004,weight,0,57,0
85,0,0,0,0,11.5,8.6000003,6.1000001,7.9000004,yoplait,0,57,0
85,1,0,0,0,8.2999997,8.6000003,6.1000001,7.9000004,yoplait,0,57,0
86,0,0,0,0,11,8.1,4.1999999,7.9000004,dannon,1,69,1
86,0,0,0,0,11,8.1,4.1999999,7.9000004,dannon,1,69,1
86,0,0,0,0,11,8.1,4.1999999,7.9000004,dannon,1,69,1
86,0,0,0,0,10.4,8.1,4.8999999,8.8,dannon,1,69,1
86,0,0,0,0,11.2,8.1,6.6,7.9000004,dannon,1,69,1
86,0,0,0,0,11.2,8.1,6.6,7.9000004,dannon,1,69,1
86,0,0,0,0,11.5,8.1,6.6,7.9000004,dannon,1,69,1
86,0,0,0,0,11.5,8.1,6.6,7.9000004,dannon,1,69,1
86,0,0,0,0,11.5,8.1,6.6,7.9000004,dannon,1,69,1
86,0,0,0,0,11.5,8.1,6.6,7.9000004,dannon,1,69,1
86,0,0,0,0,11.2,8.1,6.6,7.9000004,dannon,1,69,1
86,0,0,0,0,11.2,8.1,6.6,7.9000004,dannon,1,69,1
86,0,0,1,0,11.2,8.1,6.6,8.6000003,dannon,1,69,1
86,0,0,0,0,11.2,8.6000003,5.4000001,8.6000003,dannon,1,69,1
86,0,0,0,0,11.2,8.6000003,5.4000001,7.9000004,dannon,1,69,1
86,0,0,0,0,11.2,8.6000003,5.4000001,7.9000004,dannon,1,69,1
86,0,0,0,0,11.2,8.6000003,5.4000001,7.9000004,dannon,1,69,1
86,0,0,1,0,11.5,8.6000003,3.0999999,7.9000004,dannon,1,69,1
86,0,0,0,0,11.2,8.6000003,5.4000001,7.9000004,dannon,1,69,1
86,0,0,0,0,11.2,8.6000003,5.4000001,7.9000004,dannon,1,69,1
86,0,0,0,0,11.2,8.6000003,5.4000001,7.9000004,dannon,1,69,1
86,0,0,1,0,11.2,8.6000003,3.3,7.9000004,dannon,1,69,1
86,0,0,1,0,11.2,8.6000003,3.3,7.9000004,dannon,1,69,1
87,0,0,0,0,10.8,7.4000001,5.0000001,7.9000004,weight,1,58,1
87,0,0,0,0,10.8,7.4000001,5.0000001,7.9000004,weight,1,58,1
87,0,0,0,0,10.8,7.4000001,5.0000001,7.9000004,weight,1,58,1
87,0,0,0,0,10.8,7.4000001,5.0000001,7.9000004,weight,1,58,1
87,0,0,0,0,10.8,7.4000001,5.0000001,7.9000004,weight,1,58,1
87,0,0,0,0,10.8,7.4000001,5.0000001,7.9000004,weight,1,58,1
87,0,1,0,0,10.8,5.2000001,5.0000001,3.0999999,weight,1,58,1
87,0,1,0,0,10.8,5.2000001,5.0000001,3.0999999,weight,1,58,1
87,0,1,0,0,10.8,5.2000001,5.0000001,3.0999999,weight,1,58,1
87,0,0,0,0,10.8,8.1,5.0000001,7.9000004,weight,1,58,1
87,0,0,0,0,10.8,8.1,5.0000001,7.9000004,weight,1,58,1
87,0,0,0,0,10.8,8.1,5.0000001,7.9000004,weight,1,58,1
87,0,0,0,0,10.8,8.1,5.0000001,7.9000004,weight,1,58,1
87,0,0,0,0,10.8,8.1,5.0000001,7.9000004,weight,1,58,1
87,0,0,0,0,10.8,8.1,5.0000001,7.9000004,weight,1,58,1
87,0,0,0,0,10.8,8.1,5.0000001,7.9000004,weight,1,58,1
87,0,0,0,0,10.8,8.1,5.0000001,7.9000004,weight,1,58,1
87,0,0,0,0,10.8,8.1,5.0000001,7.9000004,weight,1,58,1
87,0,0,0,0,10.8,8.1,5.0000001,7.9000004,weight,1,58,1
87,0,0,0,0,10.8,8.1,5.0000001,7.9000004,weight,1,58,1
87,0,0,0,0,10.8,8.1,5.0000001,7.9000004,dannon,1,58,1
87,0,0,0,0,10.8,8.1,5.0000001,7.9000004,dannon,1,58,1
87,0,0,0,0,10.8,6.1000001,5.0000001,7.9000004,dannon,1,58,1
87,0,0,0,0,10.8,6.1000001,5.0000001,7.9000004,dannon,1,58,1
87,0,0,0,0,10.8,6.1000001,5.0000001,7.9000004,dannon,1,58,1
87,0,1,0,0,10.3,8.1,4.8999999,7.9000004,dannon,1,58,1
87,0,1,0,0,10.8,6.1000001,5.0000001,7.9000004,dannon,1,58,1
87,0,0,0,0,10.3,8.1,4.8999999,7.9000004,dannon,1,58,1
87,0,0,0,0,10.8,8.1,5.0000001,7.9000004,dannon,1,58,1
87,0,0,0,0,10.8,8.1,5.0000001,7.9000004,dannon,1,58,1
87,0,0,0,0,10.8,8.1,5.0000001,7.9000004,dannon,1,58,1
87,0,0,0,0,10.8,8.1,5.0000001,7.9000004,dannon,1,58,1
87,0,0,0,0,10.8,8.1,5.0000001,7.9000004,dannon,1,58,1
87,0,0,0,0,10.8,8.1,5.0000001,7.9000004,dannon,1,58,1
87,0,0,0,0,10.8,8.1,5.0000001,7.9000004,dannon,1,58,1
87,0,0,0,0,10.8,8.1,5.0000001,7.9000004,dannon,1,58,1
87,0,0,0,0,10.8,8.1,5.0000001,7.9000004,yoplait,1,58,1
87,0,0,0,0,10.8,8.1,5.0000001,7.9000004,yoplait,1,58,1
87,0,0,0,0,10.8,8.1,5.0000001,7.9000004,yoplait,1,58,1
87,0,1,0,0,10.8,4.4,5.0000001,7.9000004,yoplait,1,58,1
87,0,1,0,0,10.8,4.4,5.0000001,7.9000004,yoplait,1,58,1
87,0,0,0,0,10.8,6.3000001,5.0000001,7.9000004,yoplait,1,58,1
87,0,0,0,0,10.8,6.3000001,5.0000001,7.9000004,yoplait,1,58,1
87,0,0,0,0,10.8,6.3000001,5.0000001,7.9000004,yoplait,1,58,1
87,0,0,0,0,10.8,8.6000003,5.0000001,7.9000004,yoplait,1,58,1
87,0,0,0,0,2.5,6.3000001,5.0000001,7.9000004,yoplait,1,58,1
87,0,0,0,0,10.8,6.3000001,5.0000001,7.9000004,weight,1,58,1
87,0,0,0,0,10.8,6.3000001,5.0000001,7.9000004,weight,1,58,1
87,0,0,0,0,10.8,6.3000001,5.0000001,0.40000002,weight,1,58,1
87,0,0,0,0,10.8,5.0999999,5.0000001,7.9000004,yoplait,1,58,1
87,0,0,0,0,0.80000004,5.9999999,5.0000001,7.9000004,yoplait,1,58,1
88,0,0,0,0,12.5,9.7999997,4.8999999,7.9000004,yoplait,0,49,1
88,0,0,0,0,10.3,9.7999997,4.8999999,7.9000004,yoplait,0,49,1
88,0,0,0,0,10.3,9.7999997,4.8999999,7.9000004,yoplait,0,49,1
88,0,0,0,0,10.3,9.7999997,4.8999999,7.9000004,yoplait,0,49,1
88,0,0,0,0,10.3,9.7999997,4.8999999,7.9000004,yoplait,0,49,1
88,0,0,0,0,10.8,8.1,4.8999999,7.9000004,hiland,0,49,1
88,0,0,0,0,10.8,8.1,4.8999999,7.9000004,hiland,0,49,1
88,0,0,1,0,10.8,8.1,3.0999999,7.9000004,yoplait,0,49,1
88,0,0,1,0,11.5,8.1,3.0999999,7.9000004,yoplait,0,49,1
88,0,0,0,0,10.8,8.6000003,5.4000001,7.9000004,yoplait,0,49,1
89,0,0,0,0,11,6.1000001,6.6,7.9000004,yoplait,1,69,1
89,0,0,0,0,6.8000004,8.1,6.6,7.9000004,yoplait,1,69,1
89,0,0,0,0,7.8000002,4.8999999,5.4000001,8.1,yoplait,1,69,1
89,0,0,0,0,11,8.2000002,4.1000001,7.9000004,hiland,1,69,1
89,0,0,1,0,11,6.1000001,3.0999999,7.9000004,dannon,1,69,1
89,0,0,0,0,11,8.6000003,2.6000001,8.1,dannon,1,69,1
89,0,0,1,0,11,8.6000003,3.5999998,8.1,dannon,1,69,1
89,0,0,1,0,11,8.6000003,3.5999998,8.1,dannon,1,69,1
89,0,0,1,0,11,8.1,3.0999999,7.9000004,hiland,1,69,1
89,0,0,0,0,11,8.6000003,2.5,7.9000004,dannon,1,69,1
89,0,0,0,0,11,8.6000003,2.5,7.9000004,dannon,1,69,1
89,0,0,0,0,11.2,8.1,5.5,7.9000004,yoplait,1,69,1
89,0,0,0,0,11,8.2000002,3.0999999,7.9000004,hiland,1,69,1
89,0,0,0,0,11,8.2000002,3.0999999,7.9000004,hiland,1,69,1
90,0,0,1,0,11.5,8.1,3.0999999,7.9000004,yoplait,1,29,0
90,0,0,0,0,11.5,8.6000003,6.1000001,7.9000004,yoplait,1,29,0
90,0,1,0,0,11.5,6.3000001,6.1000001,7.9000004,yoplait,1,29,0
90,0,1,0,0,11.5,8.6000003,6.1000001,7.9000004,yoplait,1,29,0
90,0,0,1,0,11.5,8.6000003,6.1000001,7.9000004,yoplait,1,29,0
90,0,0,0,0,11.5,6.3000001,6.1000001,4.1000001,yoplait,1,29,0
90,0,0,0,0,11.5,6.3000001,6.1000001,4.1000001,yoplait,1,29,0
90,0,0,0,0,11.5,6.4000003,6.1000001,6.3000001,yoplait,1,29,0
90,0,0,0,0,11.5,6.4000003,6.1000001,6.3000001,yoplait,1,29,0
90,0,0,0,0,8.2999997,6.6,6.1000001,6.3000001,yoplait,1,29,0
91,0,0,0,0,10.8,7.9999998,5.0000001,8.6000003,yoplait,0,56,1
91,0,0,0,0,10.8,7.9999998,5.0000001,8.6000003,yoplait,0,56,1
91,0,0,0,0,10.8,8.1,5.0000001,8.1,yoplait,0,56,1
91,0,0,0,0,10.8,8.1,5.0000001,8.1,yoplait,0,56,1
91,0,0,0,0,10.8,8.1,5.0000001,8.1,yoplait,0,56,1
91,0,0,0,0,10.8,8.1,5.0000001,8.1,yoplait,0,56,1
91,0,0,0,0,10.8,8.1,5.0000001,8.1,yoplait,0,56,1
91,0,0,0,0,11.5,8.1,4.8999999,7.9000004,yoplait,0,56,1
91,0,0,0,0,10.8,8.1,5.0000001,8.1,yoplait,0,56,1
91,0,0,0,0,8.1,8.1,5.0000001,8.1,yoplait,0,56,1
91,0,0,0,0,4.1999999,8.1,5.0000001,8.1,yoplait,0,56,1
91,0,0,0,0,10.8,8.1,6.1000001,8.1,yoplait,0,56,1
91,0,0,0,0,10.8,8.2000002,5.0000001,8.8,yoplait,0,56,1
91,0,0,0,0,10.8,8.2000002,5.0000001,8.8,yoplait,0,56,1
91,0,0,0,0,10.8,8.2000002,5.0000001,8.8,yoplait,0,56,1
91,0,0,0,0,10.8,11.1,5.0000001,8.9000002,yoplait,0,56,1
91,0,0,0,0,10.8,11.1,5.0000001,8.9000002,yoplait,0,56,1
91,0,0,0,0,10.8,11.1,5.0000001,8.9000002,yoplait,0,56,1
91,0,0,0,0,11.5,8.1,3.5999998,7.9000004,yoplait,0,56,1
91,0,0,0,0,10.8,11.1,5.0000001,8.9000002,yoplait,0,56,1
91,0,0,0,0,12.2,8.1,5.0000001,8.3999999,yoplait,0,56,1
91,0,0,0,0,10.8,8.1,5.0000001,8.3999999,yoplait,0,56,1
91,0,0,0,0,10.8,8.1,5.0000001,8.3999999,yoplait,0,56,1
91,0,0,0,0,12.2,8.6000003,5.0000001,8.6000003,yoplait,0,56,1
91,0,0,0,0,12.2,8.6000003,5.0000001,8.6000003,yoplait,0,56,1
91,0,0,0,0,12.2,8.6000003,5.0000001,8.6000003,yoplait,0,56,1
91,0,0,0,0,12.2,8.6000003,5.0000001,8.6000003,yoplait,0,56,1
91,0,0,0,0,12.2,8.6000003,5.0000001,8.6000003,yoplait,0,56,1
91,0,0,0,0,12.2,8.6000003,5.0000001,8.6000003,yoplait,0,56,1
91,0,0,0,0,12.2,8.6000003,5.0000001,8.6000003,yoplait,0,56,1
91,0,0,0,0,12.2,8.6000003,5.0000001,8.6000003,yoplait,0,56,1
91,0,0,0,0,11.5,6.8000004,6.1000001,7.9000004,yoplait,0,56,1
91,0,0,0,0,11.5,8.6000003,6.1000001,7.9000004,yoplait,0,56,1
91,1,0,0,0,8.2999997,8.6000003,5.4000001,7.9000004,yoplait,0,56,1
91,1,0,0,0,8.2999997,8.6000003,6.1000001,6.3000001,yoplait,0,56,1
91,1,0,0,0,8.2999997,8.6000003,5.4000001,7.1000002,yoplait,0,56,1
91,0,0,0,1,11.5,8.6000003,6.1000001,6.3000001,weight,0,56,1
91,0,0,0,0,5.5,6.3000001,5.4000001,6.3000001,yoplait,0,56,1
91,0,0,0,0,12.2,8.6000003,5.0000001,8.6000003,yoplait,0,56,1
92,0,0,0,0,10.3,8.1,6.6,7.9000004,hiland,1,27,1
92,0,0,0,0,10.3,8.1,6.6,7.9000004,hiland,1,27,1
92,0,0,0,0,10.3,8.1,6.6,7.9000004,hiland,1,27,1
92,0,0,0,0,10.3,8.1,6.6,7.9000004,hiland,1,27,1
92,0,1,0,0,10.8,4.8999999,5.0000001,7.9000004,dannon,1,27,1
92,0,0,1,0,10.8,8.6000003,2.5,7.9000004,dannon,1,27,1
92,0,0,1,0,10.8,8.6000003,2.5,7.9000004,dannon,1,27,1
92,1,0,0,0,10.8,8.6000003,5.4000001,7.9000004,dannon,1,27,1
92,0,0,0,0,12.2,8.6000003,6.1000001,8.6000003,dannon,1,27,1
92,0,0,0,0,12.2,8.6000003,5.4000001,7.9000004,dannon,1,27,1
92,0,0,0,0,12.2,8.6000003,5.4000001,7.9000004,dannon,1,27,1
92,0,0,0,0,12.2,8.6000003,5.4000001,7.9000004,dannon,1,27,1
92,0,1,0,0,5.7,6.3000001,5.4000001,8.1,dannon,1,27,1
92,0,1,0,0,5.7,6.3000001,5.4000001,8.1,dannon,1,27,1
92,0,0,0,0,12.2,6.3000001,5.4000001,8.6000003,dannon,1,27,1
92,0,0,0,0,12.2,6.3000001,5.4000001,8.6000003,dannon,1,27,1
92,0,0,0,0,10.8,8.6000003,3.5999998,7.9000004,dannon,1,27,1
92,0,0,0,1,11.5,4.1000001,6.1000001,6.3000001,dannon,1,27,1
92,0,0,0,1,11.5,4.1000001,6.1000001,6.3000001,dannon,1,27,1
92,0,1,0,0,11.5,6.3000001,6.1000001,7.9000004,dannon,1,27,1
92,0,0,1,0,11.5,3.0999999,6.1000001,7.9000004,dannon,1,27,1
92,0,0,1,0,11.5,3.0999999,6.1000001,7.9000004,dannon,1,27,1
92,0,0,1,0,11.5,3.0999999,6.1000001,7.9000004,dannon,1,27,1
92,0,0,1,0,11.5,3.0999999,6.1000001,7.9000004,dannon,1,27,1
92,0,0,0,1,5.7,2.5,6.1000001,6.3000001,dannon,1,27,1
92,0,0,0,1,5.7,2.5,6.1000001,6.3000001,dannon,1,27,1
92,0,0,0,1,5.7,2.5,6.1000001,6.3000001,dannon,1,27,1
92,0,0,0,0,13.2,6.3000001,5.4000001,6.3000001,dannon,1,27,1
93,0,0,0,1,10.8,8.1,6.1000001,7.4000001,weight,1,20,1
93,0,0,0,1,10.8,8.1,6.1000001,7.4000001,weight,1,20,1
93,0,0,0,0,11.5,8.1,6.1000001,8.6000003,weight,1,20,1
93,0,0,0,0,10.8,8.1,5.0000001,8.6000003,yoplait,1,20,1
93,0,0,0,0,12.2,8.6000003,5.0000001,8.6000003,yoplait,1,20,1
94,0,0,0,0,10.8,9.7999997,6.1000001,8.1,yoplait,1,19,0
94,0,0,0,0,10.8,10.8,5.0000001,7.9000004,yoplait,1,19,0
94,0,1,0,0,10.8,4.4,5.0000001,7.9000004,yoplait,1,19,0
94,0,0,0,0,10.8,6.3000001,5.0000001,7.9000004,yoplait,1,19,0
94,0,0,0,0,10.8,8.6000003,5.0000001,7.9000004,yoplait,1,19,0
94,0,0,0,0,10.8,6.3000001,5.0000001,7.9000004,yoplait,1,19,0
94,0,1,0,0,10.8,6.3000001,5.0000001,7.9000004,yoplait,1,19,0
94,0,0,0,0,10.8,5.0999999,5.0000001,7.9000004,yoplait,1,19,0
94,0,0,0,0,10.8,4.8999999,5.0000001,7.9000004,yoplait,1,19,0
94,0,0,0,0,10.8,4.8999999,5.0000001,7.9000004,yoplait,1,19,0
94,0,0,0,0,10.8,4.8999999,5.0000001,7.9000004,yoplait,1,19,0
94,0,0,0,0,10.8,8.6000003,5.0000001,7.9000004,yoplait,1,19,0
94,0,0,0,0,10.8,8.6000003,5.0000001,7.9000004,yoplait,1,19,0
94,0,0,1,0,10.8,8.6000003,3.0999999,7.9000004,yoplait,1,19,0
95,1,0,0,0,11.5,8.6000003,5.4000001,7.9000004,yoplait,1,70,0
95,0,0,0,0,10.8,8.6000003,5.4000001,7.9000004,yoplait,1,70,0
95,0,0,0,0,10.8,8.6000003,5.4000001,7.9000004,yoplait,1,70,0
95,0,0,0,0,10.8,8.6000003,5.4000001,7.9000004,yoplait,1,70,0
95,0,0,0,0,12.2,8.6000003,5.4000001,7.9000004,yoplait,1,70,0
95,0,0,0,0,12.2,8.6000003,5.4000001,8.1,yoplait,1,70,0
95,1,0,0,0,8.2999997,8.6000003,6.1000001,7.9000004,yoplait,1,70,0
96,0,0,0,0,10.3,8.1,6.6,7.9000004,dannon,1,67,1
96,0,0,0,0,10.3,8.1,6.6,7.9000004,dannon,1,67,1
96,0,0,0,0,10.3,8.1,4.8999999,7.9000004,dannon,1,67,1
96,0,0,0,0,10.8,8.1,6.1000001,8.6000003,dannon,1,67,1
96,0,0,0,0,10.8,8.1,6.1000001,8.6000003,dannon,1,67,1
96,0,0,0,0,10.8,8.1,6.1000001,8.1,dannon,1,67,1
96,0,0,0,0,10.8,8.1,6.1000001,8.1,dannon,1,67,1
96,0,0,0,0,12.5,8.6000003,5.0000001,8.6000003,dannon,1,67,1
96,0,0,0,0,12.2,8.6000003,6.1000001,8.6000003,dannon,1,67,1
96,1,0,0,0,12.2,8.6000003,6.1000001,6.8999998,weight,1,67,1
96,0,0,0,0,12.2,8.6000003,6.1000001,8.6000003,weight,1,67,1
96,1,0,0,0,11.2,8.6000003,6.1000001,8.6000003,dannon,1,67,1
96,0,0,0,0,12.2,8.6000003,6.1000001,8.6000003,dannon,1,67,1
96,0,0,0,0,12.2,8.6000003,6.1000001,8.6000003,dannon,1,67,1
96,0,0,0,0,12.2,8.6000003,6.1000001,8.6000003,dannon,1,67,1
96,0,0,0,0,12.2,8.6000003,6.1000001,8.6000003,dannon,1,67,1
96,0,0,0,0,12.2,8.6000003,6.1000001,8.6000003,dannon,1,67,1
96,0,0,0,0,12.2,8.6000003,6.1000001,9.0999998,dannon,1,67,1
96,0,0,0,0,12.2,8.6000003,6.1000001,8.6000003,dannon,1,67,1
96,0,0,0,0,12.2,8.6000003,6.1000001,8.6000003,dannon,1,67,1
96,0,0,0,0,12.2,8.6000003,6.1000001,8.6000003,dannon,1,67,1
96,0,0,0,0,12.2,8.6000003,6.1000001,8.6000003,dannon,1,67,1
96,0,0,0,0,12.2,8.6000003,6.1000001,8.6000003,dannon,1,67,1
96,0,0,0,0,12.2,8.6000003,6.1000001,8.6000003,dannon,1,67,1
96,0,0,0,0,12.2,8.6000003,6.1000001,8.6000003,dannon,1,67,1
96,0,0,0,0,12.2,8.6000003,6.1000001,8.6000003,dannon,1,67,1
96,0,0,0,0,12.2,8.6000003,6.1000001,8.6000003,dannon,1,67,1
96,0,0,0,0,12.2,8.6000003,6.1000001,8.6000003,dannon,1,67,1
97,0,0,0,0,10.8,8.1,5.0000001,7.9000004,dannon,0,44,1
97,0,1,0,0,10.8,2.4,5.0000001,7.9000004,dannon,0,44,1
97,0,1,0,0,10.8,2.4,5.0000001,7.9000004,dannon,0,44,1
97,0,0,0,0,10.8,8.6000003,5.0000001,7.9000004,weight,0,44,1
97,0,0,0,0,10.8,8.6000003,5.0000001,7.9000004,weight,0,44,1
97,0,0,0,0,10.8,8.6000003,5.0000001,7.9000004,weight,0,44,1
97,0,0,0,0,0.80000004,4.8999999,5.0000001,7.9000004,yoplait,0,44,1
97,0,1,0,0,10.8,5.4000001,5.0000001,7.9000004,weight,0,44,1
97,0,1,0,0,10.8,5.4000001,5.0000001,7.9000004,weight,0,44,1
97,0,0,0,0,10.8,5.9999999,5.0000001,7.9000004,weight,0,44,1
97,0,0,0,0,10.8,6.3000001,5.0000001,7.9000004,weight,0,44,1
97,0,0,1,0,10.8,8.6000003,3.0999999,1.6000001,weight,0,44,1
97,0,0,1,0,10.8,8.6000003,3.0999999,7.9000004,weight,0,44,1
97,0,0,0,0,12.2,8.6000003,5.0000001,8.6000003,weight,0,44,1
97,0,0,1,0,10.8,8.6000003,3.0999999,4.8,weight,0,44,1
97,0,0,0,1,11.5,8.6000003,6.1000001,2.5,weight,0,44,1
97,0,0,0,0,10.8,8.6000003,4.3000001,7.9000004,weight,0,44,1
97,0,0,0,0,10.8,8.6000003,4.3000001,7.9000004,weight,0,44,1
98,0,0,0,0,10.8,9.7999997,5.0000001,7.9000004,yoplait,1,19,0
98,0,1,0,0,10.8,6.1000001,5.0000001,7.9000004,dannon,1,19,0
98,0,0,0,0,10.8,4.4,5.0000001,7.9000004,yoplait,1,19,0
98,0,0,0,0,10.8,4.4,5.0000001,7.9000004,yoplait,1,19,0
98,0,1,0,0,10.8,5.7,5.0000001,7.9000004,weight,1,19,0
98,0,0,0,0,10.8,4.6999998,5.0000001,7.9000004,yoplait,1,19,0
98,0,0,0,0,10.8,4.6999998,5.0000001,7.9000004,yoplait,1,19,0
99,0,0,0,0,10.3,9.7999997,4.8999999,7.9000004,yoplait,1,57,1
99,0,0,0,0,10.3,9.7999997,4.8999999,7.9000004,yoplait,1,57,1
99,0,0,0,0,0.3,9.7999997,4.8999999,7.9000004,yoplait,1,57,1
99,0,0,0,0,5.2999999,9.7999997,4.8999999,7.9000004,yoplait,1,57,1
99,0,0,0,0,10.3,6.1000001,4.8999999,7.9000004,dannon,1,57,1
99,0,0,0,0,11.5,8.1,4.8999999,7.9000004,dannon,1,57,1
99,0,0,0,0,10.8,8.6000003,5.4000001,7.9000004,dannon,1,57,1
99,0,0,0,0,2.5,8.6000003,5.4000001,7.9000004,yoplait,1,57,1
99,1,0,0,0,10.8,8.6000003,5.4000001,7.9000004,yoplait,1,57,1
99,0,1,0,0,12.2,5.9999999,5.4000001,8.3999999,hiland,1,57,1
99,0,0,0,0,12.2,8.6000003,5.4000001,8.6000003,dannon,1,57,1
99,0,0,0,1,8.2999997,8.6000003,5.4000001,6.3000001,hiland,1,57,1
99,0,0,0,0,11.5,8.6000003,6.1000001,7.9000004,yoplait,1,57,1
99,0,0,0,0,11.5,6.3000001,6.1000001,6.3000001,yoplait,1,57,1
100,0,0,0,0,10.8,6.3000001,5.0000001,8.6000003,dannon,1,26,0
100,0,0,0,0,11.5,8.1,5.0000001,8.1,dannon,1,26,0
100,0,0,0,0,11.5,8.1,5.0000001,8.1,dannon,1,26,0
100,0,0,0,0,11.5,8.1,5.0000001,8.1,dannon,1,26,0
100,0,0,0,0,10.8,8.1,6.1000001,8.1,dannon,1,26,0
100,0,0,0,0,10.8,8.1,6.1000001,8.1,dannon,1,26,0
100,1,0,0,0,12.2,8.6000003,5.0000001,8.6000003,dannon,1,26,0
100,0,0,0,0,12.2,8.6000003,5.0000001,8.6000003,weight,1,26,0
100,0,0,0,0,12.2,8.6000003,5.0000001,8.6000003,weight,1,26,0
100,0,0,0,0,12.2,8.6000003,5.0000001,8.6000003,weight,1,26,0
100,0,0,0,0,12.2,8.6000003,5.0000001,2.4,weight,1,26,0
100,0,0,0,0,12.2,8.6000003,5.0000001,2.4,weight,1,26,0
100,0,0,0,0,12.2,8.6000003,5.0000001,8.6000003,weight,1,26,0
100,0,0,0,0,12.2,8.1,6.1000001,8.6000003,weight,1,26,0
100,0,0,0,0,11,8.6000003,6.1000001,8.6000003,weight,1,26,0
100,0,0,0,0,12.2,8.6000003,6.1000001,8.6000003,weight,1,26,0
100,0,0,0,0,12.2,8.6000003,6.1000001,8.6000003,weight,1,26,0
100,0,0,0,0,12.2,8.6000003,6.1000001,8.6000003,weight,1,26,0
100,0,0,0,0,12.2,8.6000003,5.0000001,8.6000003,weight,1,26,0
100,0,0,0,0,10.8,8.6000003,4.3000001,7.9000004,weight,1,26,0
